current_bpm,avg_bpm,min_bpm,max_bpm,std_bpm,change_bpm,label
89.23,83.93,80.45,97.59,3.66,1.03,NORMAL
86.38,85.26,79.39,93.84,1.5,3.42,NORMAL
85.88,79.65,76.78,91.82,1,6.61,NORMAL
78.76,81.65,71.99,86.74,3.01,6.87,NORMAL
66.14,69.29,62.33,75.41,4.49,0.54,NORMAL
70.56,74.87,65.86,80.61,2.79,0.98,NORMAL
109.46,80.62,51.45,114.58,13.73,8.95,UNUSUAL_PATTERN
77.68,77.56,73.11,83.97,4.03,-3.34,NORMAL
70.4,67.63,65.93,76.27,2.1,-3.87,NORMAL
40.25,62.81,42.72,90.66,12.74,-25.4,UNUSUAL_PATTERN
46.39,50.89,35.87,73.84,16.85,-19.07,UNUSUAL_PATTERN
86.32,85.58,78.3,93.13,2.49,4.06,NORMAL
70.95,73.91,63.78,79.68,5.21,-5.95,NORMAL
63.27,76.11,48.99,116.14,16.66,-2.35,UNUSUAL_PATTERN
112.63,93.95,72.13,122.4,5.21,7.99,UNUSUAL_PATTERN
67.73,68.34,62.11,73.99,6.11,-4.11,NORMAL
55.79,73.7,50.44,119.22,27.77,-8.09,UNUSUAL_PATTERN
83.89,79.23,75.95,84.95,3.17,-1.15,NORMAL
71.7,76.25,63.21,81.96,3.44,-1.95,NORMAL
83.66,78.56,78.06,90.13,4.77,-0.01,NORMAL
64.57,66.5,61.39,73.28,7.55,-3.95,NORMAL
49.44,89.35,45.97,112.06,15.38,8.09,UNUSUAL_PATTERN
64.5,66.09,59.35,73.06,5.64,-10.73,NORMAL
101.56,98.78,79.23,124.58,11.55,15.15,UNUSUAL_PATTERN
80.43,77.0,76.64,81.57,1,3.06,NORMAL
50.35,68.44,39.32,83.02,2.34,-12.1,UNUSUAL_PATTERN
93.45,93.33,89.45,103.43,4.38,-1.74,NORMAL
73.97,76.88,65.92,79.26,3.58,-1.28,NORMAL
55.7,73.57,44.89,115.94,16.96,-16.95,UNUSUAL_PATTERN
69.14,73.77,65.31,70.33,4.57,2.81,NORMAL
87.54,85.33,85.37,97.86,5.5,7.53,NORMAL
94.52,93.77,88.95,102.21,5.72,0.31,NORMAL
72.61,71.81,67.38,79.27,1,-3.84,NORMAL
71.34,67.04,69.88,79.32,4.63,-8.11,NORMAL
71.02,77.06,67.74,78.83,4.67,-1.48,NORMAL
73.3,75.59,70.11,76.0,4.29,1.02,NORMAL
78.37,76.4,72.07,84.8,4.11,1.14,NORMAL
82.49,76.44,77.06,90.12,5.15,-7.25,NORMAL
77.43,77.35,68.39,88.51,1.58,7.48,NORMAL
66.68,71.1,59.84,71.98,4.82,-2.01,NORMAL
70.74,71.49,63.53,78.74,1,-2.37,NORMAL
76.05,72.76,67.91,83.02,3.33,1.79,NORMAL
76.4,75.24,66.54,85.94,3.94,-3.31,NORMAL
78.4,81.12,70.71,81.63,4.6,-3.61,NORMAL
85.75,83.61,80.05,94.32,3.47,1.2,NORMAL
78.31,75.94,73.19,85.48,1.22,3.52,NORMAL
56.95,58.7,47.43,73.59,9.0,-12.25,UNUSUAL_PATTERN
77.73,79.28,71.29,88.01,3.2,0.53,NORMAL
111.68,91.23,81.55,130.62,12.7,2.41,UNUSUAL_PATTERN
92.5,85.69,85.45,105,2.5,-0.19,NORMAL
123.12,85.04,41.37,117.0,16.07,32.21,UNUSUAL_PATTERN
113.1,105.32,73.69,120.39,5.08,16.21,UNUSUAL_PATTERN
76.78,81.13,75.52,83.93,2.6,2.96,NORMAL
83.92,84.37,75.98,87.52,3.0,-3.07,NORMAL
82.27,81.48,72.56,91.04,3.97,2.39,NORMAL
78.04,85.68,73.01,83.25,4.06,3.33,NORMAL
86.26,82.17,80.79,99.63,5.86,-0.86,NORMAL
83.06,83.89,77.13,90.15,2.75,3.07,NORMAL
85.6,80.52,77.64,92.66,5.28,2.16,NORMAL
84.44,83.9,78.09,94.74,1.54,-1.22,NORMAL
65.91,74.95,61.62,74.33,4.85,-0.22,NORMAL
75.64,76.7,66.95,78.11,2.3,-4.67,NORMAL
105.72,103.88,66.35,118.71,16.55,14.92,UNUSUAL_PATTERN
43.58,74.97,48.0,108.4,9.31,-14.09,UNUSUAL_PATTERN
88.87,83.37,82.51,95.94,5.17,-1.47,NORMAL
116.67,80.82,46.98,116.57,16.37,28.96,UNUSUAL_PATTERN
64.53,76.78,60.99,71.63,1.74,0.8,NORMAL
66.22,70.55,58.97,73.88,3.94,6.59,NORMAL
76.7,76.99,68.86,84.43,2.92,-5.42,NORMAL
81.1,75.86,77.84,88.72,6.34,5.74,NORMAL
92.82,94.27,84.07,100.13,5.67,-9.5,NORMAL
80.51,77.44,72.89,86.93,3.28,-1.08,NORMAL
80.87,81.57,73.6,85.17,5.77,-4.07,NORMAL
81.35,84.47,75.14,88.39,2.36,0.23,NORMAL
85.27,82.07,81.2,96.65,6.5,0.07,NORMAL
110.3,98.29,89.46,121.36,11.98,16.2,UNUSUAL_PATTERN
78.6,79.91,68.86,83.71,4.74,-2.57,NORMAL
67.34,72.78,57.4,79.7,2.8,1.36,NORMAL
74.98,79.62,64.82,82.75,1.52,4.8,NORMAL
80.59,78.83,72.24,86.55,3.39,-1.44,NORMAL
53.16,79.08,44.36,86.87,9.6,-9.8,UNUSUAL_PATTERN
82.86,83.37,78.03,88.1,2.59,-1.41,NORMAL
83.13,80.52,74.7,88.5,4.61,8.55,NORMAL
52.33,59.21,42.07,85.72,8.53,-15.81,UNUSUAL_PATTERN
76.9,79.71,65.88,84.53,2.16,4.45,NORMAL
83.97,76.52,81.24,91.01,2.54,4.69,NORMAL
72.94,81.41,62.49,82.87,2.38,3.82,NORMAL
80.76,73.12,73.48,87.5,1.73,3.08,NORMAL
126.55,76.89,43.1,117.98,16.48,8.07,UNUSUAL_PATTERN
76.13,80.57,75.55,82.49,1.87,0.41,NORMAL
77.91,70.29,70.84,85.52,7.35,-2.08,NORMAL
73.21,73.28,63.65,79.82,3.31,4.41,NORMAL
79.21,81.65,72.06,85.92,3.87,-1.41,NORMAL
54.38,88.43,46.07,114.72,12.07,13.72,UNUSUAL_PATTERN
91.79,83.01,86.41,97.97,4.22,4.16,NORMAL
67.52,67.21,61.99,72.19,3.86,0.28,NORMAL
78.08,79.47,73.75,85.13,4.1,-2.61,NORMAL
86.02,76.62,77.31,95.23,1.54,-5.43,NORMAL
79.2,80.02,77.87,83.03,4.31,0.29,NORMAL
72.1,68.51,65.0,81.6,3.69,-3.38,NORMAL
82.99,81.7,75.67,93.38,2.34,-0.7,NORMAL
67.44,75.94,58.75,74.18,4.47,1.02,NORMAL
69.73,65.23,67.64,75.15,2.13,4.68,NORMAL
77.18,79.0,71.64,82.59,2.42,-1.12,NORMAL
72.28,77.37,67.56,77.89,2.92,-2.89,NORMAL
67.51,65.7,59.99,75.14,5.89,2.1,NORMAL
78.77,69.17,68.79,86.89,2.74,-8.44,NORMAL
70.37,76.33,62.3,71.68,6.57,2.99,NORMAL
71.4,76.32,64.67,74.04,6.36,-3.8,NORMAL
77.09,77.07,69.16,83.2,3.69,-2.14,NORMAL
79.18,83.01,72.47,82.89,2.51,-0.3,NORMAL
73.09,69.52,70.2,80.45,4.84,3.57,NORMAL
89.57,86.81,82.89,99.09,8.0,-0.78,NORMAL
86.93,83.22,79.51,92.78,1.49,-1.65,NORMAL
75.4,79.09,69.76,84.34,3.97,3.11,NORMAL
83.05,80.02,78.12,95.4,4.21,1.36,NORMAL
83.72,78.22,78.4,89.79,3.6,0.25,NORMAL
79.57,81.76,75.86,87.34,4.78,-2.04,NORMAL
62.42,67.4,56.08,70.34,3.06,-0.2,NORMAL
73.05,79.62,63.49,80.19,3.65,-3.59,NORMAL
78.01,76.87,71.32,85.01,3.63,-8.8,NORMAL
52.13,61.13,41.12,80.33,14.44,-12.62,UNUSUAL_PATTERN
71.92,67.54,66.66,77.68,1.87,-1.23,NORMAL
88.53,75.23,83.81,93.27,6.35,2.1,NORMAL
55.01,55.62,44.85,81.88,12.58,-4.85,UNUSUAL_PATTERN
93.42,93.07,91.53,102.56,1.42,4.6,NORMAL
79.3,78.63,76.69,85.16,4.55,-0.93,NORMAL
76.16,72.29,68.92,84.78,1,-1.21,NORMAL
65.85,65.37,58.23,72.51,6.51,6.84,NORMAL
56.54,62.76,41.17,80.07,9.93,-22.9,UNUSUAL_PATTERN
100.82,81.27,51.37,116.15,19.56,-17.57,UNUSUAL_PATTERN
85.41,82.98,78.09,91.57,1,4.97,NORMAL
88.64,80.3,81.51,98.14,5.37,-5.34,NORMAL
69.74,74.96,62.15,73.47,4.99,-4.06,NORMAL
76.64,80.47,72.61,84.03,6.54,0.83,NORMAL
68.27,70.39,62.08,77.11,5.15,3.62,NORMAL
88.31,82.12,81.41,98.85,5.21,0.83,NORMAL
65.36,69.75,59.42,73.65,3.75,8.31,NORMAL
60.93,59.75,56.43,70.82,3.8,8.58,NORMAL
76.29,73.81,75.9,85.42,4.56,0.09,NORMAL
54.48,62.47,40.14,81.59,18.74,-21.97,UNUSUAL_PATTERN
79.51,79.17,71.11,87.31,5.45,-2.11,NORMAL
68.02,73.72,58.92,74.63,6.55,7.54,NORMAL
41.57,69.56,40.66,84.09,10.05,-5.55,UNUSUAL_PATTERN
78.6,77.56,74.48,88.88,3.88,-4.35,NORMAL
90.46,87.16,80.76,101.88,4.83,-0.13,NORMAL
63.49,91.42,46.95,112.17,15.57,24.4,UNUSUAL_PATTERN
77.62,76.56,75.06,84.87,4.48,0.38,NORMAL
80.34,75.18,76.87,86.8,3.75,2.03,NORMAL
77.62,79.95,67.14,85.02,3.57,-4.22,NORMAL
89.62,84.37,84.18,101.15,4.5,-0.28,NORMAL
44.58,59.47,39.09,77.67,9.2,-13.84,UNUSUAL_PATTERN
79.85,79.47,73.27,88.2,4.6,-0.99,NORMAL
72.95,75.44,69.53,81.52,2.65,-4.51,NORMAL
68.18,71.68,58.95,76.54,6.41,-0.24,NORMAL
70.37,71.41,69.45,79.5,5.92,2.83,NORMAL
83.37,83.45,78.17,89.37,6.65,-5.75,NORMAL
44.42,64.87,38.97,79.87,11.87,-21.09,UNUSUAL_PATTERN
60,66.62,55,72.04,5.16,0.3,NORMAL
66.53,77.35,60.59,71.31,4.98,-2.44,NORMAL
82.78,86.26,78.08,86.31,5.67,-0.59,NORMAL
116.91,81.85,46.2,115.97,13.13,-19.97,UNUSUAL_PATTERN
75.53,73.38,69.28,81.46,3.38,6.15,NORMAL
80.63,76.46,71.89,88.54,4.15,7.55,NORMAL
85.49,81.99,73.59,88.88,3.53,4.89,NORMAL
67.42,69.94,60.16,74.61,4.38,8.36,NORMAL
79.57,73.17,71.4,84.66,2.74,4.77,NORMAL
86.06,87.18,77.88,92.9,5.39,1.14,NORMAL
83.58,77.06,79.86,88.3,2.98,-1.55,NORMAL
100.89,105.26,82.69,118.32,15.85,9.93,UNUSUAL_PATTERN
106.86,92.85,75.4,117.64,13.43,11.62,UNUSUAL_PATTERN
88.16,89.33,81.25,93.59,1.36,5.25,NORMAL
128.76,77.8,50.76,106.34,17.28,10.77,UNUSUAL_PATTERN
113.31,72.53,74.95,120.47,11.38,16.38,UNUSUAL_PATTERN
116.7,94.36,47.43,110.48,19.19,24.34,UNUSUAL_PATTERN
97.7,95.5,92.15,101.53,2.72,-0.83,NORMAL
67.9,76.87,62.58,71.88,4.59,-1.98,NORMAL
84.85,84.99,77.04,90.04,5.86,-1.57,NORMAL
70.38,70.13,69.06,74.42,2.38,6.33,NORMAL
74.31,76.23,66.82,83.17,3.68,12.49,NORMAL
70.02,71.65,65.4,77.85,4.69,-1.08,NORMAL
91.23,83.57,81.74,97.23,7.06,-0.62,NORMAL
46.54,66.21,38.69,77.49,8.53,-8.87,UNUSUAL_PATTERN
84.85,85.41,84.3,88.89,4.83,-0.02,NORMAL
69.07,70.68,68.14,76.65,1.7,3.62,NORMAL
65.82,69.55,59.2,72.03,3.51,-6.11,NORMAL
81.57,83.92,76.95,86.13,4.76,-2.96,NORMAL
75.62,73.03,70.3,80.17,1.85,-3.55,NORMAL
111.96,99.23,82.91,119.45,4.79,15.72,UNUSUAL_PATTERN
39.78,71.28,40.78,73.46,10.67,-10.53,UNUSUAL_PATTERN
73.45,70.52,68.0,79.45,2.63,0.16,NORMAL
46.03,62.94,40.26,80.42,11.72,-2.12,UNUSUAL_PATTERN
82.38,85.08,79.32,91.03,4.81,-8.04,NORMAL
45.5,74.7,42.42,84.05,10.51,-12.82,UNUSUAL_PATTERN
72.11,73.62,70.62,81.36,5.77,3.46,NORMAL
74.7,67.1,68.8,79.14,1.89,-6.87,NORMAL
78.39,80.34,76.05,89.14,3.76,-7.19,NORMAL
49.16,67.25,44.54,75.71,11.41,-19.73,UNUSUAL_PATTERN
78.16,70.2,74.29,89.55,4.99,5.81,NORMAL
74.28,71.16,71.37,81.66,4.02,5.58,NORMAL
76.95,74.95,70.13,84.4,6.58,-1.31,NORMAL
58.23,83.79,42.85,107.61,18.81,-33.41,UNUSUAL_PATTERN
69.79,74.97,63.93,74.11,5.41,-3.42,NORMAL
80.83,78.38,75.7,87.87,3.18,0.46,NORMAL
69.35,69.28,63.16,76.13,4.91,-3.78,NORMAL
63.76,71.19,59.6,72.6,4.58,-0.39,NORMAL
76.08,76.9,73.0,80.67,5.22,-1.5,NORMAL
114.98,66.61,49.18,112.43,14.42,11.1,UNUSUAL_PATTERN
65.27,72.89,59.96,72.93,5.55,-4.49,NORMAL
44.7,69.57,44.76,73.32,18.48,-10.15,UNUSUAL_PATTERN
71.14,73.39,65.08,79.54,6.22,7.47,NORMAL
96.04,91.5,90.09,100.63,3.49,-3.6,NORMAL
82.84,74.83,75.51,85.63,4.4,4.38,NORMAL
79.24,81.04,72.25,84.48,1.97,1.19,NORMAL
71.75,75.96,68.35,80.44,5.97,2.85,NORMAL
73.31,72.64,67.48,81.25,3.41,-2.29,NORMAL
106.6,104.26,80.89,117.1,13.81,15.84,UNUSUAL_PATTERN
79.25,77.05,72.94,87.46,2.18,3.79,NORMAL
69.7,74.27,61.52,83.2,2.39,-4.08,NORMAL
77.2,79.11,72.56,84.45,4.22,6.07,NORMAL
80.21,78.32,74.43,88.11,3.42,6.34,NORMAL
78.94,79.24,74.55,90.04,4.8,-1.79,NORMAL
70.06,64.59,62.28,76.35,2.39,2.79,NORMAL
54.08,77.47,44.35,117.22,8.87,-26.64,UNUSUAL_PATTERN
54.11,87.12,45.05,119.38,22.64,-16.92,UNUSUAL_PATTERN
81.76,85.63,74.55,90.12,1,1.12,NORMAL
80.44,69.16,71.93,86.09,1.31,-2.69,NORMAL
107.16,102.31,74.43,115.34,14.72,7.49,UNUSUAL_PATTERN
91.93,85.44,88.69,98.9,4.09,-0.34,NORMAL
89.1,85.31,87.88,100.67,4.75,3.04,NORMAL
63.67,64.98,55,72.0,1.87,3.16,NORMAL
67.08,74.67,62.56,75.36,6.38,2.66,NORMAL
73.66,75.87,70.18,81.18,5.11,0.05,NORMAL
72.55,65.6,64.18,79.8,2.92,-7.48,NORMAL
48.93,71.82,47.98,117.43,19.62,25.36,UNUSUAL_PATTERN
69.67,71.47,65.08,76.52,8.93,3.79,NORMAL
89.72,85.79,83.39,95.31,2.87,-2.11,NORMAL
79.97,79.81,68.96,86.66,2.07,0.44,NORMAL
74.68,79.35,64.65,80.28,5.62,-9.34,NORMAL
83.27,82.56,76.83,91.22,5.82,1.61,NORMAL
49.96,54.44,46.72,74.66,6.67,-24.44,UNUSUAL_PATTERN
85.29,83.18,79.18,93.37,5.57,-2.27,NORMAL
78.44,81.95,72.07,89.42,5.68,8.42,NORMAL
103.29,106.43,79.13,120.21,13.07,4.81,UNUSUAL_PATTERN
80.22,80.36,71.65,90.53,6.09,-2.24,NORMAL
63.98,68.1,56.24,72.34,3.97,2.06,NORMAL
83.43,80.53,75.09,93.37,6.38,0.5,NORMAL
95.95,93.64,88.88,105,6.1,-6.23,NORMAL
75.67,75.01,65.34,80.59,2.86,-3.17,NORMAL
76.94,81.53,71.9,82.94,4.09,1.35,NORMAL
73.48,74.3,66.12,79.05,3.26,1.22,NORMAL
77.94,81.37,70.5,87.46,2.66,7.87,NORMAL
80.17,80.37,71.23,84.89,4.41,4.42,NORMAL
80.79,77.77,79.84,93.57,7.41,-0.11,NORMAL
83.63,74.35,73.87,92.05,2.88,10.68,NORMAL
76.39,80.24,70.29,83.51,4.91,-4.25,NORMAL
67.75,63.83,61.11,77.94,4.61,1.92,NORMAL
74.0,76.89,67.06,81.51,2.64,-2.95,NORMAL
86.59,80.63,81.79,89.18,3.13,-1.34,NORMAL
72.64,77.22,66.79,78.81,4.5,-3.36,NORMAL
52.31,71.19,42.13,78.8,9.85,-17.91,UNUSUAL_PATTERN
79.8,79.91,74.76,83.67,4.88,-2.92,NORMAL
112.44,86.77,54.53,116.47,9.08,-34.13,UNUSUAL_PATTERN
76.78,71.1,68.25,83.25,4.11,0.72,NORMAL
79.77,74.46,71.93,87.83,5.13,-9.38,NORMAL
78.65,72.05,74.48,85.31,6.85,-2.92,NORMAL
68.15,72.08,61.35,76.45,4.52,-0.64,NORMAL
85.9,85.75,81.11,96.65,6.16,-2.78,NORMAL
74.25,76.7,70.68,76.41,6.21,5.64,NORMAL
74.14,79.15,70.09,87.61,4.9,3.6,NORMAL
83.9,80.13,81.27,92.68,2.39,3.5,NORMAL
73.75,77.45,68.58,83.04,5.8,-4.89,NORMAL
91.43,89.27,85.34,99.27,5.23,1.81,NORMAL
83.94,87.92,76.74,93.69,3.97,10.72,NORMAL
121.79,99.68,80.15,120.55,16.5,12.9,UNUSUAL_PATTERN
54.47,89.89,38.02,118.97,16.2,14.94,UNUSUAL_PATTERN
88.99,84.84,80.1,95.17,3.81,4.45,NORMAL
82.0,80.15,74.59,90.54,2.97,1.83,NORMAL
88.46,85.49,80.63,92.56,2.03,-2.47,NORMAL
71.23,76.08,68.52,77.21,2.73,0.67,NORMAL
84.8,79.49,81.26,94.02,5.4,0.28,NORMAL
117.55,91.22,76.21,127.11,12.22,16.01,UNUSUAL_PATTERN
67.0,68.94,63.11,76.99,1.17,-0.81,NORMAL
73.24,78.68,63.49,79.99,5.43,-1.67,NORMAL
83.33,80.99,78.88,89.04,4.36,-1.52,NORMAL
57.41,65.01,38.84,75.09,9.8,-12.54,UNUSUAL_PATTERN
73.98,74.67,73.69,85.7,5.72,6.29,NORMAL
74.04,75.54,65.75,77.95,3.67,3.62,NORMAL
67.72,68.71,61.89,74.49,3.88,-12.1,NORMAL
80.62,75.31,73.75,85.1,3.22,2.03,NORMAL
59.33,60.83,45.98,69.11,11.9,-7.93,UNUSUAL_PATTERN
112.86,99.32,82.69,119.46,9.47,12.82,UNUSUAL_PATTERN
69.16,65.92,63.54,73.53,3.58,0.26,NORMAL
77.22,77.03,69.58,84.97,2.51,2.54,NORMAL
80.52,81.65,73.53,89.94,1.91,3.96,NORMAL
113.72,74.56,44.76,113.94,18.17,-4.16,UNUSUAL_PATTERN
80.89,82.04,72.69,90.63,3.29,5.56,NORMAL
77.47,76.23,73.03,86.49,3.04,4.8,NORMAL
75.58,81.33,71.08,81.93,1.73,0.3,NORMAL
68.54,78.04,64.37,74.63,4.41,0.97,NORMAL
78.86,78.17,76.07,89.52,1.69,-2.22,NORMAL
75.63,77.65,70.46,79.66,3.79,1.57,NORMAL
52.67,66.43,38.3,82.75,9.99,-3.74,UNUSUAL_PATTERN
78.04,78.94,74.32,85.99,5.03,7.02,NORMAL
84.0,86.86,75.78,90.37,4.33,4.09,NORMAL
53.17,60.96,42.74,82.6,12.74,-17.16,UNUSUAL_PATTERN
79.08,75.75,75.13,84.42,4.56,8.45,NORMAL
62.28,65.26,59.65,67.06,3.21,-5.07,NORMAL
85.87,84.57,80.66,94.05,5.28,8.27,NORMAL
76.05,78.69,68.33,84.61,3.02,-5.93,NORMAL
68.36,63.48,64.01,73.23,5.09,-2.39,NORMAL
92.24,84.21,85.52,99.31,4.79,1.66,NORMAL
41.3,89.47,49.02,118.14,16.33,-17.25,UNUSUAL_PATTERN
119.61,91.67,81.91,126.69,8.76,1.23,UNUSUAL_PATTERN
47.29,88.6,49.22,119.7,21.73,-3.45,UNUSUAL_PATTERN
52.81,76.85,45.52,118.69,19.14,5.78,UNUSUAL_PATTERN
60.7,70.78,48.04,87.51,12.72,-23.51,UNUSUAL_PATTERN
75.52,77.41,70.63,86.99,2.87,2.22,NORMAL
36.73,67.94,43.03,79.55,10.88,-12.55,UNUSUAL_PATTERN
71.05,74.64,68.18,79.96,3.64,-2.87,NORMAL
47.49,68.26,41.39,86.61,9.36,-16.67,UNUSUAL_PATTERN
73.56,70.08,71.37,82.33,5.37,5.44,NORMAL
60,66.54,55.65,66.29,2.18,0.06,NORMAL
125.27,77.03,47.05,121.63,12.25,-23.9,UNUSUAL_PATTERN
60.13,73.71,47.62,111.37,20.56,-9.66,UNUSUAL_PATTERN
87.6,87.68,81.04,97.61,1.86,7.95,NORMAL
78.04,73.55,73.84,80.62,2.74,-3.39,NORMAL
87.33,80.86,78.86,90.77,3.03,0.17,NORMAL
121.79,79.29,45.91,115.0,18.4,-11.62,UNUSUAL_PATTERN
82.71,83.62,75.45,88.72,1.85,0.23,NORMAL
73.27,83.19,65.28,79.01,5.02,1.66,NORMAL
71.29,75.43,61.31,74.25,3.24,2.88,NORMAL
79.62,87.07,72.59,87.22,3.35,-0.93,NORMAL
87.81,84.42,81.06,96.08,6.21,-1.86,NORMAL
74.91,79.1,68.44,82.38,4.5,12.42,NORMAL
85.66,79.48,77.66,95.85,3.76,3.59,NORMAL
85.2,83.12,76.29,97.81,4.18,-3.46,NORMAL
49.27,71.13,47.61,115.72,18.17,-34.03,UNUSUAL_PATTERN
87.82,81.92,78.59,90.11,5.29,6.11,NORMAL
48.08,74.2,44.0,111.57,20.72,-23.14,UNUSUAL_PATTERN
93.3,87.67,86.47,97.09,2.0,-2.39,NORMAL
40.4,53.48,44.26,90.15,10.89,-16.32,UNUSUAL_PATTERN
79.37,75.24,70.65,80.71,6.42,2.7,NORMAL
70.75,71.55,64.29,74.12,2.18,-2.22,NORMAL
84.39,77.72,77.05,92.08,3.66,9.98,NORMAL
78.27,78.97,74.68,89.79,4.07,-2.34,NORMAL
64.68,69.92,59.48,68.9,4.81,-1.63,NORMAL
73.68,75.12,68.34,82.15,1.76,-2.87,NORMAL
83.15,86.94,76.01,89.39,3.32,3.26,NORMAL
73.4,71.55,68.85,80.15,1.7,3.17,NORMAL
89.33,85.34,84.15,96.49,5.62,-0.2,NORMAL
108.74,99.01,76.98,122.49,10.25,20.11,UNUSUAL_PATTERN
77.13,82.84,70.92,84.61,5.93,3.64,NORMAL
87.51,83.48,80.27,96.92,4.72,3.31,NORMAL
71.4,71.3,66.63,82.39,3.86,6.04,NORMAL
91.31,85.89,79.73,94.33,3.0,4.52,NORMAL
87.53,87.18,79.13,97.88,4.19,0.78,NORMAL
75.33,83.75,66.98,78.66,1.9,-8.25,NORMAL
102.99,87.97,87.97,122.63,7.38,18.6,UNUSUAL_PATTERN
72.92,78.39,67.18,78.12,5.36,1.52,NORMAL
69.17,72.03,60.16,81.53,4.7,0.18,NORMAL
97.9,84.54,90.9,100.79,4.98,-1.56,NORMAL
84.31,78.21,73.63,93.92,2.41,2.75,NORMAL
77.63,70.01,71.7,84.31,5.61,12.74,NORMAL
80.36,81.5,74.3,87.87,3.5,-4.18,NORMAL
77.58,71.09,77.04,83.63,2.47,1.31,NORMAL
91.93,95.47,83.58,98.43,4.74,-1.95,NORMAL
113.85,76.11,50.21,113.67,14.65,17.77,UNUSUAL_PATTERN
87.31,78.11,84.05,92.09,3.88,-2.2,NORMAL
100,97.88,96.03,105,3.29,-1.11,NORMAL
86.07,91.01,78.69,94.01,2.25,2.33,NORMAL
73.52,81.23,67.19,84.97,4.37,1.2,NORMAL
41.86,65.53,40.16,77.81,8.09,-15.92,UNUSUAL_PATTERN
78.17,74.78,69.31,84.96,3.25,2.21,NORMAL
77.77,75.79,66.71,85.0,2.44,1.26,NORMAL
79.21,76.62,71.28,87.07,3.13,6.01,NORMAL
82.33,83.9,73.42,87.76,4.82,1.21,NORMAL
84.23,84.56,77.82,88.61,4.38,-1.1,NORMAL
80.39,82.53,74.42,87.93,4.61,2.72,NORMAL
83.85,79.4,76.81,94.09,5.42,-4.36,NORMAL
64.68,76.18,59.5,71.08,5.12,-7.6,NORMAL
83.15,80.95,82.12,88.98,1.83,-6.97,NORMAL
79.23,72.6,74.74,84.18,3.41,-3.28,NORMAL
76.87,76.17,72.45,82.26,1.98,0.19,NORMAL
77.04,76.87,68.17,82.58,4.51,-0.11,NORMAL
73.02,76.99,65.81,80.83,5.6,5.33,NORMAL
76.53,80.87,73.76,82.73,1.93,-1.98,NORMAL
78.87,72.4,73.06,89.8,4.22,-6.89,NORMAL
68.46,80.73,64.4,76.05,1,-1.39,NORMAL
86.23,85.94,82.65,89.66,1.06,9.18,NORMAL
76.17,78.13,68.85,83.41,5.65,1.74,NORMAL
94.6,84.89,89.54,102.66,5.08,5.88,NORMAL
110.84,87.6,76.1,117.87,13.32,10.8,UNUSUAL_PATTERN
50.32,60.86,43.18,80.37,10.88,-16.2,UNUSUAL_PATTERN
71.79,66.59,62.79,79.98,1.16,4.81,NORMAL
50.85,81.28,47.82,115.31,19.68,1.49,UNUSUAL_PATTERN
71.12,67.97,65.18,76.79,3.63,5.26,NORMAL
67.38,67.3,66.03,73.92,5.32,-8.39,NORMAL
76.85,79.34,73.92,80.7,4.57,2.03,NORMAL
58.91,63.24,43.48,76.05,12.2,-5.01,UNUSUAL_PATTERN
91.52,90.64,86.87,99.66,3.58,-1.54,NORMAL
85.86,85.82,82.66,90.8,4.93,-3.71,NORMAL
65.03,69.93,55,70.59,3.49,-0.49,NORMAL
72.25,77.12,68.09,77.97,1.7,8.09,NORMAL
91.12,82.43,81.11,101.12,3.66,2.85,NORMAL
74.3,78.08,70.63,84.36,3.92,5.36,NORMAL
71.8,63.14,66.7,80.55,3.81,5.6,NORMAL
81.4,82.8,68.94,88.66,4.44,2.42,NORMAL
60.68,61.28,55,65.73,4.35,-2.0,NORMAL
105.08,87.19,43.19,114.02,20.94,24.78,UNUSUAL_PATTERN
106.06,101.97,78.57,124.53,16.6,13.34,UNUSUAL_PATTERN
90.59,91.06,85.14,96.67,3.72,-0.72,NORMAL
73.78,70.57,68.86,78.3,3.19,-3.84,NORMAL
69.11,68.03,65.36,76.53,2.59,-1.12,NORMAL
129.58,85.11,51.28,110.43,13.08,-11.1,UNUSUAL_PATTERN
87.9,86.86,78.5,94.38,7.27,-6.31,NORMAL
76.72,79.87,70.46,87.31,6.68,-4.79,NORMAL
77.76,76.47,73.46,86.93,6.46,-5.54,NORMAL
110.46,82.83,41.84,121.1,13.3,8.08,UNUSUAL_PATTERN
76.31,73.28,71.89,80.71,3.29,5.58,NORMAL
80.82,76.08,72.11,90.11,3.89,-2.46,NORMAL
81.79,81.7,79.45,89.05,2.69,-3.39,NORMAL
49.45,69.99,41.07,81.11,13.08,-5.4,UNUSUAL_PATTERN
78.66,75.66,72.11,84.71,2.05,-5.98,NORMAL
70.71,67.01,66.49,76.09,5.56,1.18,NORMAL
72.97,76.63,70.0,81.95,4.52,-3.46,NORMAL
60,63.98,55,73.22,3.66,-3.75,NORMAL
78.23,76.72,72.14,82.79,2.27,-0.76,NORMAL
117.65,101.02,87.98,119.15,3.02,21.62,UNUSUAL_PATTERN
86.27,84.47,77.51,96.41,5.09,0.17,NORMAL
60,62.58,55,69.15,2.73,2.88,NORMAL
78.47,83.25,69.56,85.76,4.6,-2.27,NORMAL
77.41,80.1,73.96,88.69,1.63,-2.07,NORMAL
111.85,106.9,80.72,119.79,10.17,20.26,UNUSUAL_PATTERN
83.34,83.6,77.51,92.5,3.91,7.91,NORMAL
70.38,70.71,62.36,78.06,5.81,-5.35,NORMAL
52.0,64.92,43.15,90.41,15.0,-17.61,UNUSUAL_PATTERN
96.26,88.2,91.77,105,3.41,-5.69,NORMAL
80.71,80.62,70.27,86.31,5.03,0.62,NORMAL
82.4,79.47,73.02,88.83,1.99,3.59,NORMAL
81.99,79.28,75.18,87.99,6.01,6.25,NORMAL
61.28,71.76,37.0,77.97,6.51,-13.9,UNUSUAL_PATTERN
79.63,76.66,72.9,85.44,4.89,-1.34,NORMAL
92.57,88.13,84.1,98.78,3.37,-2.59,NORMAL
57.51,65.67,46.01,116.72,14.14,2.58,UNUSUAL_PATTERN
84.78,87.19,79.31,93.66,3.3,1.25,NORMAL
110.59,90.63,79.14,117.87,14.94,15.26,UNUSUAL_PATTERN
79.59,86.67,72.69,83.18,4.96,5.65,NORMAL
99.94,86.65,97.81,105,3.32,-0.94,NORMAL
73.89,84.26,67.77,83.29,4.95,3.54,NORMAL
72.97,70.87,66.25,79.27,7.14,1.62,NORMAL
109.18,89.85,76.44,122.97,12.02,16.92,UNUSUAL_PATTERN
79.8,82.83,71.48,85.66,5.25,5.83,NORMAL
49.49,89.61,48.27,109.77,15.98,1.13,UNUSUAL_PATTERN
90.0,86.27,81.78,99.42,3.12,3.09,NORMAL
82.55,80.2,74.46,88.75,5.67,-6.8,NORMAL
81.45,79.84,74.55,87.59,2.14,0.12,NORMAL
74.44,73.9,71.34,80.78,3.33,1.97,NORMAL
81.3,79.05,74.98,93.35,1,-0.09,NORMAL
83.78,85.6,76.95,87.64,3.59,-2.68,NORMAL
84.02,81.12,75.57,91.5,2.76,-0.38,NORMAL
107.8,91.47,78.49,126.18,6.47,13.1,UNUSUAL_PATTERN
100.34,77.78,87.39,122.07,10.03,3.71,UNUSUAL_PATTERN
76.24,80.89,69.92,83.07,5.44,-1.51,NORMAL
84.24,82.46,78.62,87.49,4.8,2.99,NORMAL
82.58,79.58,79.91,95.54,6.66,-0.12,NORMAL
65.97,65.83,56.47,70.69,3.35,-2.01,NORMAL
78.44,84.96,69.12,87.62,3.48,1.93,NORMAL
111.37,81.3,53.14,120.46,13.28,16.05,UNUSUAL_PATTERN
60,67.05,55,68.09,1.04,-3.09,NORMAL
97.09,94.99,91.51,105,3.48,-0.1,NORMAL
92.96,91.36,84.34,100.21,5.74,5.1,NORMAL
66.06,72.19,57.31,74.08,1.81,6.98,NORMAL
78.9,73.31,71.01,87.08,2.83,-6.3,NORMAL
109.03,86.52,87.05,126.87,10.13,7.9,UNUSUAL_PATTERN
82.55,79.11,74.06,91.72,4.75,-1.01,NORMAL
81.28,78.38,75.35,90.24,3.02,-2.89,NORMAL
73.72,76.76,69.46,82.69,3.1,-1.14,NORMAL
76.55,81.48,66.85,88.23,1.42,-1.26,NORMAL
56.2,86.54,46.58,115.34,18.13,-6.71,UNUSUAL_PATTERN
65.98,68.61,60.3,69.24,6.43,-0.63,NORMAL
74.01,76.1,67.97,79.1,2.44,2.42,NORMAL
81.15,77.4,76.49,91.84,2.62,-8.68,NORMAL
107.47,100.86,65.46,127.2,17.33,17.99,UNUSUAL_PATTERN
69.13,70.86,63.1,70.87,3.67,-6.6,NORMAL
78.45,76.27,67.41,83.91,5.23,4.2,NORMAL
85.99,84.69,80.04,89.41,3.51,6.65,NORMAL
69.68,70.97,60.09,76.18,4.76,-5.66,NORMAL
87.08,88.71,81.82,92.21,5.03,4.45,NORMAL
54.7,77.48,46.18,113.27,21.53,-16.41,UNUSUAL_PATTERN
71.79,64.12,66.56,76.34,5.78,-1.18,NORMAL
85.11,92.6,83.05,89.0,5.3,-2.27,NORMAL
48.57,70.02,44.02,87.51,9.22,-9.55,UNUSUAL_PATTERN
68.47,69.49,61.15,75.59,2.31,-5.56,NORMAL
73.56,74.24,65.21,83.22,3.09,-1.35,NORMAL
87.76,87.59,82.48,96.26,2.28,-5.75,NORMAL
91.27,91.2,84.32,94.28,3.25,-1.8,NORMAL
115.82,87.5,76.21,123.14,16.3,13.86,UNUSUAL_PATTERN
78.82,74.5,76.53,87.17,2.72,-3.63,NORMAL
105.77,80.01,42.82,107.47,19.43,12.18,UNUSUAL_PATTERN
73.69,70.93,65.47,77.71,2.65,-1.91,NORMAL
84.58,75.99,77.43,86.94,5.3,4.85,NORMAL
63.0,63.03,55,67.55,4.94,-5.22,NORMAL
100.58,85.42,66.86,125.24,10.78,3.98,UNUSUAL_PATTERN
68.09,68.44,60.32,73.87,2.76,4.0,NORMAL
120.38,87.1,90.02,123.51,11.89,14.44,UNUSUAL_PATTERN
84.38,81.61,75.84,92.36,1.44,-2.46,NORMAL
77.66,79.58,71.1,88.14,3.28,3.03,NORMAL
88.32,80.49,81.11,99.95,4.67,-4.63,NORMAL
77.23,78.29,73.86,84.15,5.95,2.18,NORMAL
69.59,71.91,66.92,76.34,4.45,7.96,NORMAL
47.71,71.21,43.15,81.8,9.41,-13.55,UNUSUAL_PATTERN
67.05,73.49,63.24,74.69,4.56,3.78,NORMAL
88.82,81.92,85.49,95.55,4.76,5.91,NORMAL
82.86,77.12,78.89,83.46,3.95,-9.74,NORMAL
107.58,78.92,50.31,109.74,15.0,-14.37,UNUSUAL_PATTERN
81.39,75.57,72.87,87.45,2.54,6.21,NORMAL
75.13,80.03,65.01,78.72,6.35,-1.66,NORMAL
74.25,78.26,63.4,86.06,3.57,-2.99,NORMAL
73.07,77.06,64.16,81.58,3.62,-1.3,NORMAL
91.76,90.66,89.74,101.59,6.71,-2.01,NORMAL
78.71,79.48,75.76,90.22,4.47,1.67,NORMAL
118.63,93.5,72.44,123.39,13.14,5.15,UNUSUAL_PATTERN
65.77,67.73,61.08,73.0,7.26,-1.39,NORMAL
82.31,80.21,75.13,86.12,4.54,-4.1,NORMAL
76.29,69.71,68.64,85.95,4.56,-4.84,NORMAL
84.56,84.14,74.94,90.55,2.42,5.51,NORMAL
92.99,89.92,86.28,101.78,3.91,-5.49,NORMAL
51.37,88.82,56.09,121.08,17.36,-4.74,UNUSUAL_PATTERN
89.35,78.97,82.64,100.01,5.94,-2.42,NORMAL
50.73,72.51,34.55,83.99,11.37,-26.39,UNUSUAL_PATTERN
87.67,83.34,83.32,93.2,1,-0.62,NORMAL
78.76,79.96,69.21,86.43,5.65,2.63,NORMAL
74.86,80.26,69.87,78.32,2.76,-2.93,NORMAL
72.42,73.55,65.28,82.16,4.54,-2.34,NORMAL
70.36,77.05,60.94,77.0,5.56,2.5,NORMAL
84.15,82.4,72.88,86.28,5.01,1.71,NORMAL
80.72,75.68,76.73,86.68,4.22,1.51,NORMAL
66.09,73.11,59.54,75.5,7.39,-0.93,NORMAL
88.23,80.88,82.22,94.21,4.52,0.19,NORMAL
74.06,76.19,64.25,78.68,5.96,1.88,NORMAL
80.28,77.87,73.15,82.58,5.45,0.7,NORMAL
96.12,86.82,91.7,100.77,2.2,-4.67,NORMAL
79.41,72.2,70.31,86.67,2.99,4.22,NORMAL
77.92,78.17,71.68,83.09,3.66,1.36,NORMAL
93.27,91.33,89.29,101.3,4.7,0.8,NORMAL
80.0,78.56,74.97,85.4,7.01,-4.6,NORMAL
73.36,79.63,68.41,78.96,4.1,-8.33,NORMAL
75.75,74.81,66.5,81.64,3.32,-1.59,NORMAL
44.47,66.09,41.97,83.42,10.26,-17.83,UNUSUAL_PATTERN
86.36,87.8,83.43,91.38,2.11,-3.56,NORMAL
81.05,80.4,72.69,88.27,4.46,1.53,NORMAL
87.18,88.48,81.81,98.41,4.3,1.65,NORMAL
72.73,69.0,70.52,81.09,6.88,5.21,NORMAL
77.89,78.86,71.04,83.31,5.66,-5.7,NORMAL
78.45,77.83,70.45,90.49,5.2,4.92,NORMAL
73.25,75.66,66.55,81.14,5.47,-0.43,NORMAL
72.14,73.49,65.74,79.31,4.48,-1.69,NORMAL
48.02,62.39,38.66,89.18,9.76,-11.37,UNUSUAL_PATTERN
81.58,88.67,73.45,92.23,4.34,-0.41,NORMAL
82.0,86.98,74.88,87.52,4.92,-1.95,NORMAL
86.09,83.52,81.48,94.58,2.29,0.79,NORMAL
68.55,70.34,64.93,77.18,6.91,-4.08,NORMAL
83.32,82.23,77.59,93.01,4.09,3.63,NORMAL
69.66,69.96,62.93,80.02,7.44,-0.01,NORMAL
86.68,84.92,77.83,94.73,2.69,-0.23,NORMAL
70.93,70.21,60.79,76.47,5.84,5.34,NORMAL
84.75,82.64,78.52,90.84,3.51,-4.35,NORMAL
67.8,68.18,59.77,69.8,2.58,-4.78,NORMAL
64.6,70.82,59.3,70.43,3.02,2.98,NORMAL
37.18,65.28,37.63,91.57,11.9,-10.09,UNUSUAL_PATTERN
79.28,80.36,73.14,86.94,3.23,0.82,NORMAL
71.98,77.94,63.63,78.04,3.9,-0.58,NORMAL
114.72,100.2,84.97,117.06,11.03,10.34,UNUSUAL_PATTERN
107.94,96.37,85.73,120.99,13.14,29.13,UNUSUAL_PATTERN
74.92,72.65,69.19,81.45,3.37,1.69,NORMAL
122.57,101.2,71.77,118.88,9.17,12.24,UNUSUAL_PATTERN
71.45,72.82,70.2,81.22,4.81,-0.02,NORMAL
75.36,78.09,70.27,82.84,5.12,-6.41,NORMAL
72.14,73.5,63.73,82.49,6.32,-1.27,NORMAL
69.37,66.09,58.07,75.27,6.27,2.87,NORMAL
81.1,79.76,76.62,89.58,2.78,-5.35,NORMAL
71.98,70.23,69.69,78.26,2.76,3.55,NORMAL
71.73,69.37,65.78,81.18,6.38,-7.74,NORMAL
69.0,63.09,63.22,80.64,3.84,-1.31,NORMAL
83.36,79.46,74.99,89.06,2.64,5.71,NORMAL
113.33,87.95,97.05,119.51,18.77,22.46,UNUSUAL_PATTERN
76.35,74.95,70.4,80.95,3.62,-3.78,NORMAL
73.65,61.89,70.93,76.7,5.36,3.12,NORMAL
97.47,77.17,42.27,111.21,22.57,-12.96,UNUSUAL_PATTERN
86.25,89.75,84.15,92.27,4.46,-2.29,NORMAL
74.74,73.77,66.93,78.16,2.59,-5.31,NORMAL
88.84,87.99,82.06,92.29,4.62,0.13,NORMAL
109.55,77.57,54.04,116.3,17.88,-6.51,UNUSUAL_PATTERN
82.47,80.0,72.92,86.91,4.03,0.88,NORMAL
83.53,81.95,78.49,90.72,3.27,2.7,NORMAL
79.58,82.45,71.82,85.72,3.95,1.44,NORMAL
81.27,81.67,73.77,86.63,3.17,-0.02,NORMAL
90.1,90.63,84.06,92.32,2.89,1.56,NORMAL
78.59,76.98,73.5,85.75,5.54,5.81,NORMAL
67.03,65.4,64.38,70.78,2.42,0.75,NORMAL
81.19,82.46,73.71,85.86,4.01,-4.72,NORMAL
78.16,76.82,72.09,85.7,2.97,-0.22,NORMAL
74.45,73.61,65.49,88.15,7.21,-0.25,NORMAL
87.13,85.22,83.19,97.43,3.02,-5.65,NORMAL
57.79,62.17,45.86,84.82,11.81,-12.99,UNUSUAL_PATTERN
95.91,87.43,87.91,100.97,4.24,1.91,NORMAL
70.84,71.41,65.49,74.84,4.11,-1.87,NORMAL
75.27,71.9,69.33,85.98,4.23,3.45,NORMAL
67.68,75.19,63.56,76.64,7.14,-4.1,NORMAL
87.14,84.1,82.46,92.61,8.11,2.62,NORMAL
116.11,103.8,88.0,121.96,14.65,6.94,UNUSUAL_PATTERN
73.8,74.11,69.09,77.05,3.97,-1.01,NORMAL
115.78,82.51,48.03,116.2,19.16,1.78,UNUSUAL_PATTERN
73.06,70.66,65.75,81.29,3.87,-0.39,NORMAL
34.2,75.84,43.28,78.07,9.49,-23.29,UNUSUAL_PATTERN
82.43,80.41,75.24,90.58,3.81,1.41,NORMAL
71.97,72.13,63.15,80.38,3.95,2.15,NORMAL
72.98,73.12,69.27,80.98,5.44,3.47,NORMAL
73.06,65.43,66.78,75.86,2.01,3.4,NORMAL
53.83,64.41,41.21,77.56,8.97,-17.04,UNUSUAL_PATTERN
90.96,94.36,88.72,98.36,2.07,6.27,NORMAL
80.15,71.21,72.46,87.83,4.75,-1.66,NORMAL
82.22,85.77,75.39,89.47,6.37,-0.64,NORMAL
120.3,91.93,66.25,125.54,17.43,13.67,UNUSUAL_PATTERN
76.17,67.48,68.67,80.53,3.51,-3.72,NORMAL
111.15,104.36,71.43,122.39,12.59,23.81,UNUSUAL_PATTERN
63.86,68.12,55.34,70.04,4.01,3.64,NORMAL
65.95,70.29,59.59,69.58,1.6,-3.1,NORMAL
79.07,75.16,76.54,82.74,6.66,-11.32,NORMAL
104.77,79.63,78.73,124.25,8.97,15.49,UNUSUAL_PATTERN
91.12,84.41,86.11,102.04,6.35,5.22,NORMAL
79.07,80.03,75.66,88.61,5.0,3.02,NORMAL
68.13,66.84,58.06,75.69,3.0,9.28,NORMAL
60,63.34,55,68.52,3.57,-1.14,NORMAL
86.11,83.93,77.21,89.4,4.0,6.23,NORMAL
54.91,95.7,51.28,112.29,17.48,-36.19,UNUSUAL_PATTERN
80.83,82.24,71.91,88.26,6.59,-5.11,NORMAL
112.92,75.49,49.25,116.38,13.03,-11.17,UNUSUAL_PATTERN
70.02,74.76,62.58,75.94,4.13,3.65,NORMAL
78.19,78.23,74.03,85.09,5.81,2.45,NORMAL
123.07,102.49,76.32,123.58,14.13,10.53,UNUSUAL_PATTERN
50.76,63.67,41.55,88.09,9.88,-12.05,UNUSUAL_PATTERN
47.46,81.57,38.05,104.36,13.49,26.33,UNUSUAL_PATTERN
81.84,79.31,78.77,90.7,3.71,2.25,NORMAL
83.45,81.95,78.64,93.16,4.69,4.18,NORMAL
85.09,85.96,76.43,91.13,4.65,5.07,NORMAL
80.86,79.33,76.83,81.64,2.85,2.13,NORMAL
77.11,71.59,72.23,85.02,5.29,-3.93,NORMAL
78.72,84.61,74.87,88.52,5.33,-1.95,NORMAL
80.8,75.34,76.93,84.33,4.8,-0.7,NORMAL
78.98,85.38,76.16,83.97,2.06,8.13,NORMAL
76.01,74.36,66.01,86.55,4.11,-0.88,NORMAL
70.55,69.88,68.02,81.57,2.92,3.99,NORMAL
111.73,83.68,52.48,122.14,17.75,29.94,UNUSUAL_PATTERN
92.68,83.23,86.29,98.99,5.7,3.61,NORMAL
77.31,75.46,67.35,85.68,5.0,0.82,NORMAL
95.01,85.36,89.99,103.1,4.52,-10.24,NORMAL
77.18,72.08,67.35,87.02,4.44,-0.52,NORMAL
70.0,70.72,65.52,78.49,4.91,2.04,NORMAL
76.83,80.09,67.43,85.2,5.46,2.07,NORMAL
83.68,80.89,78.28,94.26,6.04,-1.87,NORMAL
83.39,84.39,77.34,87.91,1.15,4.28,NORMAL
51.83,94.58,48.04,110.07,17.5,-1.99,UNUSUAL_PATTERN
88.73,87.81,84.33,93.2,4.28,1.0,NORMAL
54.9,83.1,51.1,105.95,16.98,-12.71,UNUSUAL_PATTERN
41.34,52.47,44.29,73.23,8.94,-26.79,UNUSUAL_PATTERN
58.74,91.0,45.97,123.59,18.85,-30.6,UNUSUAL_PATTERN
112.26,77.34,43.88,119.3,23.63,-14.4,UNUSUAL_PATTERN
98.87,94.4,78.66,124.04,12.91,19.39,UNUSUAL_PATTERN
74.57,81.59,68.76,84.9,4.05,2.6,NORMAL
106.53,85.79,50.81,117.14,16.27,3.57,UNUSUAL_PATTERN
57.53,67.93,41.5,87.68,17.29,-20.92,UNUSUAL_PATTERN
39.85,67.09,40.55,78.13,9.37,-18.11,UNUSUAL_PATTERN
61.54,72.27,55,69.91,4.47,-3.1,NORMAL
80.05,85.56,71.9,86.16,5.76,-6.35,NORMAL
70.22,70.41,63.2,77.38,4.79,-8.02,NORMAL
61.03,66.47,55,69.03,5.1,-4.63,NORMAL
115.23,81.6,51.33,119.47,24.47,5.97,UNUSUAL_PATTERN
91.53,91.62,84.64,103.0,8.3,-4.07,NORMAL
94.38,99.06,86.03,103.07,3.79,-3.9,NORMAL
86.07,81.96,79.16,91.42,2.59,-2.59,NORMAL
74.88,77.13,69.04,79.7,6.86,7.37,NORMAL
75.66,70.37,70.97,85.04,5.02,3.52,NORMAL
80.62,76.99,73.24,92.66,6.57,-3.26,NORMAL
75.56,78.05,70.29,82.84,2.7,-9.68,NORMAL
77.22,82.54,68.05,87.79,3.12,-9.15,NORMAL
86.37,79.95,81.34,94.11,4.86,1.22,NORMAL
81.91,83.43,79.13,87.41,4.49,4.34,NORMAL
81.7,81.63,77.54,90.28,4.79,2.11,NORMAL
78.96,80.71,74.67,87.02,3.9,-1.62,NORMAL
88.44,92.6,82.66,94.67,2.21,2.2,NORMAL
125.03,102.28,87.68,120.32,18.15,8.72,UNUSUAL_PATTERN
50.4,65.48,41.97,74.38,8.35,-24.04,UNUSUAL_PATTERN
55.42,86.88,59.24,111.32,22.58,-1.01,UNUSUAL_PATTERN
90.11,83.97,86.35,96.36,4.93,-1.8,NORMAL
82.32,80.17,80.13,86.95,4.95,3.99,NORMAL
69.57,71.29,63.99,76.45,5.47,1.5,NORMAL
74.88,78.22,68.04,80.22,5.43,2.5,NORMAL
78.48,71.9,71.84,89.15,4.84,-3.78,NORMAL
83.63,86.45,77.23,91.49,5.17,1.77,NORMAL
69.84,73.64,64.91,79.63,5.04,-1.16,NORMAL
79.63,75.89,70.33,84.54,3.19,1.04,NORMAL
93.82,87.75,88.7,99.65,3.63,-0.98,NORMAL
78.14,76.34,72.32,81.17,3.09,-0.16,NORMAL
71.29,68.59,60.76,81.22,5.06,0.06,NORMAL
80.79,78.96,77.84,81.15,3.4,2.71,NORMAL
83.7,79.21,78.7,88.24,4.32,1.27,NORMAL
93.11,93.7,84.72,101.84,3.02,0.19,NORMAL
65.5,65.27,61.02,78.12,4.67,-4.16,NORMAL
74.61,74.37,70.13,78.06,1,-5.16,NORMAL
67.38,75.28,59.71,75.82,5.87,1.75,NORMAL
77.43,71.77,74.07,87.36,3.3,10.9,NORMAL
81.11,81.07,75.86,83.17,3.43,-1.76,NORMAL
59.31,90.78,48.54,118.61,17.98,42.55,UNUSUAL_PATTERN
68.02,61.38,64.4,77.23,2.5,5.64,NORMAL
46.93,77.8,43.39,115.39,13.65,15.34,UNUSUAL_PATTERN
82.54,78.97,79.5,89.49,2.07,2.89,NORMAL
71.77,72.49,65.28,74.9,4.35,-4.74,NORMAL
83.05,85.47,78.51,91.51,2.08,3.63,NORMAL
57.2,62.1,41.22,70.16,10.16,-20.4,UNUSUAL_PATTERN
76.52,71.48,67.23,77.17,1.77,2.7,NORMAL
77.76,77.14,73.94,84.07,2.64,2.31,NORMAL
83.08,88.86,78.6,94.27,3.09,3.81,NORMAL
74.76,77.63,67.43,82.75,4.35,-0.72,NORMAL
78.11,74.13,70.12,84.57,4.49,1.92,NORMAL
72.41,76.49,62.93,80.8,4.01,1.09,NORMAL
86.51,84.94,77.98,97.09,3.27,-0.11,NORMAL
60,55.17,55,66.46,3.25,1.61,NORMAL
59.33,70.62,52.23,116.41,22.07,-11.73,UNUSUAL_PATTERN
73.48,75.76,72.18,80.65,5.69,1.15,NORMAL
60,63.67,55.31,67.64,3.47,-2.85,NORMAL
89.26,79.27,83.5,98.05,4.1,-1.99,NORMAL
80.57,84.15,73.52,87.78,6.12,-5.02,NORMAL
69.92,76.91,63.16,76.51,4.05,-2.31,NORMAL
74.09,71.33,65.07,74.95,4.71,5.37,NORMAL
34.41,96.88,43.99,122.52,16.48,-6.3,UNUSUAL_PATTERN
117.47,88.94,72.22,120.88,10.93,7.1,UNUSUAL_PATTERN
117.05,100.93,82.37,122.63,9.95,12.92,UNUSUAL_PATTERN
78.49,83.48,74.36,84.77,4.15,-5.54,NORMAL
78.12,81.7,68.56,84.77,5.46,4.56,NORMAL
79.61,78.79,72.19,85.55,9.4,0.33,NORMAL
70.67,71.51,64.75,79.21,3.75,-2.3,NORMAL
116.68,87.26,44.71,112.89,12.81,-11.76,UNUSUAL_PATTERN
74.57,78.8,71.61,81.37,6.15,3.61,NORMAL
81.38,85.28,75.51,87.11,3.75,-5.51,NORMAL
76.57,79.01,67.05,80.25,3.41,0.97,NORMAL
61.12,69.05,55,64.3,2.98,-2.87,NORMAL
110.1,99.76,75.28,120.41,11.5,28.69,UNUSUAL_PATTERN
69.49,70.45,58.68,78.56,6.52,-0.71,NORMAL
58.59,65.86,44.91,77.75,11.63,-11.86,UNUSUAL_PATTERN
81.63,83.54,76.44,84.81,6.36,6.31,NORMAL
77.54,79.57,75.1,83.27,6.32,2.31,NORMAL
53.38,82.83,49.42,108.97,17.25,7.81,UNUSUAL_PATTERN
117.1,69.21,44.38,109.82,22.07,20.42,UNUSUAL_PATTERN
62.0,63.45,55,67.67,3.95,-0.42,NORMAL
72.61,80.01,64.98,77.37,4.33,-5.57,NORMAL
80.99,78.94,78.74,86.79,4.52,-8.82,NORMAL
108.0,94.36,77.38,123.96,10.34,3.46,UNUSUAL_PATTERN
76.75,77.47,73.05,84.18,3.38,-0.92,NORMAL
83.58,87.81,75.29,91.12,5.58,7.16,NORMAL
80.92,78.15,77.69,85.1,2.75,4.89,NORMAL
91.75,86.6,89.08,96.74,1.52,-5.52,NORMAL
114.35,98.06,74.67,124.0,17.65,10.44,UNUSUAL_PATTERN
86.81,87.17,79.68,92.97,1.17,2.81,NORMAL
82.73,85.89,79.02,95.42,6.45,3.0,NORMAL
45.25,73.73,53.86,105.55,13.33,-17.67,UNUSUAL_PATTERN
106.59,89.97,75.45,121.14,9.14,6.79,UNUSUAL_PATTERN
64.91,67.2,55.06,74.74,4.33,-0.94,NORMAL
84.35,82.61,75.86,92.84,4.0,3.38,NORMAL
75.2,69.47,69.41,80.98,4.03,0.51,NORMAL
90.79,86.42,83.22,91.91,4.1,1.06,NORMAL
69.72,64.24,65.4,78.07,7.27,4.29,NORMAL
72.77,71.01,66.22,75.09,3.07,0.38,NORMAL
80.65,83.56,76.35,84.94,2.1,1.26,NORMAL
61.72,64.9,55,69.88,7.04,-7.54,NORMAL
66.53,71.09,58.98,71.19,4.86,2.48,NORMAL
74.34,77.36,70.62,78.49,3.83,-0.7,NORMAL
79.12,73.71,73.8,87.24,3.41,-2.89,NORMAL
40.21,68.58,42.69,84.24,4.82,-29.41,UNUSUAL_PATTERN
70.99,80.85,65.96,74.67,2.39,-4.97,NORMAL
111.16,88.15,84.74,120.4,10.02,15.71,UNUSUAL_PATTERN
50.17,56.61,39.37,87.01,5.66,-17.93,UNUSUAL_PATTERN
71.97,74.84,64.69,78.31,2.42,3.5,NORMAL
72.91,74.58,65.73,81.52,4.4,-1.74,NORMAL
89.46,86.41,85.75,92.68,5.37,-2.29,NORMAL
92.9,88.05,89.35,101.57,5.13,-6.64,NORMAL
77.05,78.9,68.14,84.56,2.22,-5.61,NORMAL
74.83,75.88,70.45,88.21,2.14,1.92,NORMAL
85.5,86.79,76.4,92.04,3.29,-2.84,NORMAL
86.72,83.64,82.28,92.96,5.57,-6.77,NORMAL
81.46,75.76,72.73,88.83,3.14,4.5,NORMAL
74.78,74.89,71.05,81.54,3.11,2.56,NORMAL
43.3,64.89,36.6,88.64,9.74,2.71,UNUSUAL_PATTERN
47.39,70.34,43.62,74.41,13.96,5.92,UNUSUAL_PATTERN
75.93,81.28,65.55,85.32,4.52,2.76,NORMAL
85.4,80.69,79.65,91.3,3.62,-1.59,NORMAL
66.16,71.7,58.59,73.59,5.45,-0.99,NORMAL
75.3,70.38,69.52,78.69,2.41,2.99,NORMAL
94.67,84.5,84.44,100.72,5.68,-0.21,NORMAL
109.46,92.86,73.98,120.34,8.68,22.09,UNUSUAL_PATTERN
49.8,60.87,38.36,89.9,14.19,-23.67,UNUSUAL_PATTERN
82.25,79.96,77.82,88.54,3.64,1.59,NORMAL
73.84,76.98,66.55,79.02,4.74,-2.76,NORMAL
77.57,77.14,73.82,85.53,6.97,0.63,NORMAL
95.82,95.79,89.56,104.71,4.68,0.28,NORMAL
68.16,70.79,62.11,77.21,5.42,-0.72,NORMAL
102.68,94.86,71.57,118.12,14.58,9.41,UNUSUAL_PATTERN
71.74,66.05,67.98,79.27,4.35,1.47,NORMAL
123.3,72.51,43.55,119.51,18.38,-5.02,UNUSUAL_PATTERN
77.49,77.92,77.47,84.36,5.2,-4.41,NORMAL
75.93,81.63,69.27,86.28,2.9,0.89,NORMAL
77.96,81.06,75.48,85.4,4.99,-1.28,NORMAL
73.35,74.08,70.19,84.92,4.82,0.54,NORMAL
76.8,75.77,70.54,86.87,2.35,-1.7,NORMAL
78.85,77.92,72.24,83.92,4.73,-2.83,NORMAL
73.15,72.7,67.38,84.43,4.61,-2.57,NORMAL
113.97,96.08,79.31,115.95,14.66,8.96,UNUSUAL_PATTERN
116.21,60.3,44.15,112.04,21.55,-5.43,UNUSUAL_PATTERN
81.77,80.53,77.36,86.3,2.38,1.96,NORMAL
72.06,77.1,65.55,74.24,3.32,5.14,NORMAL
65.64,69.44,56.81,72.69,5.12,-2.23,NORMAL
89.68,85.84,84.33,96.18,3.62,2.74,NORMAL
44.99,72.64,42.73,81.93,7.32,-12.11,UNUSUAL_PATTERN
86.37,87.59,83.88,93.85,1.71,-1.3,NORMAL
120.82,100.59,74.4,116.13,12.23,27.17,UNUSUAL_PATTERN
84.39,77.11,76.24,87.86,3.16,-10.93,NORMAL
73.45,75.09,65.87,76.1,5.3,2.55,NORMAL
54.38,69.73,46.28,69.26,10.3,-8.4,UNUSUAL_PATTERN
77.24,78.66,67.81,87.56,6.85,0.05,NORMAL
73.89,77.89,65.68,81.94,5.7,-2.11,NORMAL
81.78,87.89,79.81,89.83,1.15,0.61,NORMAL
79.38,81.07,75.28,91.43,7.12,2.95,NORMAL
79.86,81.56,76.67,88.01,5.47,-10.44,NORMAL
109.11,99.34,73.69,116.84,14.26,7.69,UNUSUAL_PATTERN
83.54,77.91,74.27,94.26,4.86,-1.91,NORMAL
74.31,76.34,67.56,77.12,3.76,1.71,NORMAL
74.06,79.06,67.47,79.71,5.09,2.3,NORMAL
127.68,98.3,93.31,121.28,10.73,15.81,UNUSUAL_PATTERN
97.37,93.87,92.25,103.49,3.2,1.62,NORMAL
73.7,72.06,69.97,81.37,5.81,-6.6,NORMAL
74.76,72.93,66.77,83.56,3.09,0.88,NORMAL
56.9,63.23,43.28,83.61,14.0,-11.51,UNUSUAL_PATTERN
71.14,70.99,64.69,82.0,2.87,-3.71,NORMAL
92.77,92.41,83.45,94.23,2.82,4.78,NORMAL
75.65,77.51,70.78,83.56,3.34,1.12,NORMAL
77.55,80.79,68.57,81.42,2.25,-2.94,NORMAL
83.54,80.48,77.98,90.54,3.32,-6.92,NORMAL
68.81,70.01,59.19,72.25,3.73,0.36,NORMAL
62.16,84.73,45.29,114.01,19.5,-18.34,UNUSUAL_PATTERN
80.84,85.44,74.09,86.47,4.69,-0.71,NORMAL
81.9,81.23,81.75,87.17,2.35,-1.99,NORMAL
60.45,74.16,55,66.27,5.3,6.49,NORMAL
72.58,77.96,66.57,77.16,1.67,3.16,NORMAL
81.18,80.04,72.31,86.56,7.07,-1.35,NORMAL
80.94,79.51,73.43,89.14,4.47,-6.53,NORMAL
78.51,76.0,70.79,84.35,4.34,3.12,NORMAL
45.58,68.53,40.28,77.88,11.73,-12.51,UNUSUAL_PATTERN
61.16,69.49,39.85,82.18,9.39,-16.41,UNUSUAL_PATTERN
69.03,65.52,62.18,74.73,4.91,0.63,NORMAL
86.03,90.69,77.71,92.88,4.19,-1.55,NORMAL
67.41,71.08,59.29,72.83,3.53,1.46,NORMAL
83.4,87.58,77.07,88.55,1,6.95,NORMAL
85.07,84.98,82.4,90.82,2.02,-2.82,NORMAL
67.82,71.43,64.53,76.62,8.13,-8.23,NORMAL
81.98,80.79,79.78,87.98,6.21,4.39,NORMAL
107.85,90.22,41.72,111.27,18.11,14.7,UNUSUAL_PATTERN
85.7,83.34,80.12,89.44,5.13,5.74,NORMAL
75.49,78.03,67.92,83.57,2.82,-0.3,NORMAL
40.0,66.84,44.42,79.37,6.65,-27.4,UNUSUAL_PATTERN
82.08,78.88,75.25,84.68,3.89,3.65,NORMAL
71.65,74.57,71.46,78.14,4.93,2.9,NORMAL
77.92,73.43,72.87,85.39,5.57,-2.15,NORMAL
64.18,65.09,55.66,71.87,3.16,-2.18,NORMAL
62.63,62.56,56.56,71.56,3.59,-2.72,NORMAL
81.07,78.09,76.38,87.88,3.26,-4.23,NORMAL
45.62,64.01,39.79,77.49,12.92,-14.42,UNUSUAL_PATTERN
84.34,83.42,77.29,92.3,3.09,-0.44,NORMAL
111.58,90.05,73.76,122.79,9.65,11.31,UNUSUAL_PATTERN
66.89,65.83,59.74,78.04,5.73,0.58,NORMAL
85.65,80.61,75.89,91.96,1,2.56,NORMAL
74.52,78.58,67.56,82.83,1.99,-2.07,NORMAL
81.89,80.9,77.92,88.36,2.08,-5.13,NORMAL
81.28,77.19,73.41,83.95,4.36,2.31,NORMAL
77.77,72.84,70.24,88.5,6.06,2.31,NORMAL
78.08,79.19,69.93,87.26,1,0.7,NORMAL
87.71,77.69,84.44,96.43,2.83,-0.56,NORMAL
90.34,81.7,84.32,97.94,2.52,-4.52,NORMAL
71.74,71.39,63.6,77.15,3.42,-4.49,NORMAL
45.7,77.03,41.9,80.25,9.82,-20.59,UNUSUAL_PATTERN
87.4,83.13,80.97,93.14,5.11,-2.93,NORMAL
83.51,78.53,79.46,87.91,5.38,-3.05,NORMAL
82.64,82.86,74.42,89.88,3.7,1.9,NORMAL
95.58,93.39,94.69,103.09,3.21,-6.12,NORMAL
81.29,74.39,74.42,91.35,1.86,-3.9,NORMAL
77.69,70.72,69.37,78.19,4.76,1.86,NORMAL
68.75,76.1,65.35,72.27,2.08,-0.51,NORMAL
121.18,86.05,47.24,113.11,16.07,-16.82,UNUSUAL_PATTERN
77.33,81.29,72.22,82.29,5.0,-7.39,NORMAL
98.68,91.52,92.25,103.52,5.0,-3.21,NORMAL
83.46,74.35,76.97,92.37,3.54,-3.45,NORMAL
86.03,79.34,83.0,93.14,5.15,-2.28,NORMAL
63.67,66.16,56.48,72.16,1.14,1.24,NORMAL
82.41,75.31,76.78,88.06,4.21,6.03,NORMAL
84.63,82.21,82.08,86.43,4.52,5.05,NORMAL
70.02,74.02,65.4,77.04,7.45,-0.25,NORMAL
71.23,74.46,62.51,77.02,5.44,0.98,NORMAL
68.66,73.91,57.4,77.79,3.6,-1.52,NORMAL
71.32,75.9,67.81,77.96,4.33,3.64,NORMAL
82.16,84.32,72.9,91.6,2.95,-0.16,NORMAL
87.82,87.29,83.25,94.62,5.61,2.02,NORMAL
77.81,75.7,70.54,83.58,5.31,0.25,NORMAL
64.72,70.89,56.1,73.88,3.1,2.67,NORMAL
116.12,77.12,47.96,113.14,29.38,-33.64,UNUSUAL_PATTERN
114.8,74.63,50.25,121.3,17.09,-6.21,UNUSUAL_PATTERN
81.08,79.08,70.56,85.96,3.59,0.03,NORMAL
79.28,83.81,69.64,87.21,1.75,4.37,NORMAL
73.84,71.25,67.43,80.69,5.84,2.32,NORMAL
70.27,69.64,57.21,77.32,2.63,10.86,NORMAL
84.94,83.65,79.96,90.6,2.84,2.57,NORMAL
76.79,74.22,66.5,87.35,3.71,-1.35,NORMAL
83.95,72.82,74.2,94.26,4.56,-1.51,NORMAL
84.72,81.64,79.52,93.52,5.82,-2.64,NORMAL
72.55,71.02,67.41,80.41,4.99,-4.53,NORMAL
75.94,77.31,75.18,82.22,4.09,0.38,NORMAL
80.62,76.82,71.96,87.88,3.23,-2.15,NORMAL
96.46,91.13,88.06,104.16,2.52,3.29,NORMAL
88.3,86.5,81.19,94.24,4.45,-3.8,NORMAL
77.21,83.86,68.66,86.12,4.7,7.3,NORMAL
44.05,73.5,42.0,112.75,19.06,13.11,UNUSUAL_PATTERN
111.23,90.86,74.58,115.86,13.77,2.14,UNUSUAL_PATTERN
91.27,85.24,86.11,96.02,3.52,1.92,NORMAL
47.53,64.97,40.43,90.89,13.1,-10.9,UNUSUAL_PATTERN
70.55,75.92,65.5,75.41,2.11,-1.78,NORMAL
81.04,79.73,72.66,85.45,3.24,-5.49,NORMAL
96.09,93.51,91.23,105,5.4,8.02,NORMAL
84.08,81.55,80.72,85.47,2.04,1.99,NORMAL
111.04,96.07,83.14,121.15,12.31,10.6,UNUSUAL_PATTERN
75.92,78.52,75.21,82.0,3.98,-4.03,NORMAL
86.17,74.9,79.4,89.47,3.19,6.12,NORMAL
75.9,79.99,67.11,80.33,2.16,1.57,NORMAL
107.59,74.32,36.7,110.21,15.38,20.49,UNUSUAL_PATTERN
35.58,66.38,48.89,80.91,10.27,-12.29,UNUSUAL_PATTERN
78.42,79.95,70.67,84.47,4.2,6.42,NORMAL
67.13,70.76,60.4,72.29,3.17,9.88,NORMAL
76.13,75.31,71.01,84.77,4.97,2.94,NORMAL
116.79,99.22,76.73,121.11,12.64,13.7,UNUSUAL_PATTERN
78.26,80.36,68.7,82.13,3.24,-2.01,NORMAL
87.72,88.85,84.47,92.72,4.28,4.34,NORMAL
83.44,79.95,72.88,93.99,1.97,1.87,NORMAL
69.61,70.59,59.56,77.82,3.93,3.73,NORMAL
76.46,78.26,71.16,84.72,2.87,3.0,NORMAL
79.85,74.6,68.05,82.9,2.51,4.62,NORMAL
91.89,81.38,86.49,100.81,4.88,4.95,NORMAL
46.69,65.94,41.74,72.94,10.04,-15.48,UNUSUAL_PATTERN
74.79,75.89,71.17,76.91,2.49,0.17,NORMAL
71.32,71.55,64.89,79.15,4.16,-4.65,NORMAL
71.86,75.25,67.13,76.98,3.77,8.22,NORMAL
90.03,88.19,88.78,95.29,4.34,2.75,NORMAL
122.93,91.43,43.28,108.26,12.7,12.47,UNUSUAL_PATTERN
121.92,110.8,64.68,119.44,17.02,17.79,UNUSUAL_PATTERN
54.67,68.45,39.33,78.55,12.32,-13.95,UNUSUAL_PATTERN
84.18,81.63,76.42,86.53,4.68,-1.68,NORMAL
72.17,78.25,66.49,79.54,3.0,1.23,NORMAL
82.39,82.76,72.96,91.14,4.83,1.78,NORMAL
83.83,84.17,78.97,93.43,4.8,3.46,NORMAL
79.57,72.4,73.11,87.63,2.85,-3.15,NORMAL
114.31,98.65,81.89,115.37,15.89,18.54,UNUSUAL_PATTERN
84.1,84.74,74.84,94.89,1,0.23,NORMAL
89.26,85.83,82.08,95.37,2.59,3.87,NORMAL
122.72,94.15,84.98,120.99,14.98,11.59,UNUSUAL_PATTERN
78.9,81.16,76.96,91.84,5.18,1.36,NORMAL
71.33,77.68,61.97,76.74,4.58,0.01,NORMAL
76.95,76.51,74.44,83.37,4.87,7.53,NORMAL
83.33,84.38,79.6,88.19,3.79,6.94,NORMAL
81.97,78.02,73.8,86.99,5.23,0.77,NORMAL
77.2,79.21,70.74,81.75,2.45,-0.63,NORMAL
93.07,93.67,83.52,98.06,3.74,-2.1,NORMAL
77.21,83.09,72.69,82.63,3.64,8.96,NORMAL
84.85,84.34,79.39,92.61,7.21,-1.19,NORMAL
109.9,80.36,79.94,117.67,12.68,11.76,UNUSUAL_PATTERN
49.22,68.64,45.09,72.57,8.82,-14.44,UNUSUAL_PATTERN
103.18,90.27,74.8,117.64,9.31,-0.71,UNUSUAL_PATTERN
87.12,82.36,83.48,91.48,4.93,0.12,NORMAL
100,89.23,97.85,105,2.74,4.88,NORMAL
77.45,80.12,71.55,84.73,5.24,10.75,NORMAL
65.6,62.36,59.52,73.32,3.21,3.36,NORMAL
82.45,84.28,75.45,90.09,2.33,-1.19,NORMAL
102.38,92.87,81.06,125.62,13.91,6.59,UNUSUAL_PATTERN
69.77,71.56,63.94,78.18,5.4,-4.25,NORMAL
117.69,76.99,64.52,122.24,12.43,18.22,UNUSUAL_PATTERN
82.8,86.55,80.67,87.67,1.95,-1.88,NORMAL
65.15,67.06,55,75.64,3.79,-5.69,NORMAL
112.03,93.23,77.62,123.94,12.06,14.41,UNUSUAL_PATTERN
82.22,78.24,78.25,90.43,3.87,0.7,NORMAL
110.32,70.23,45.67,112.39,17.72,16.14,UNUSUAL_PATTERN
60,64.65,55,68.62,4.88,-4.41,NORMAL
67.72,70.91,63.39,75.13,4.11,4.18,NORMAL
114.62,82.06,75.73,119.6,12.51,-0.6,UNUSUAL_PATTERN
48.3,59.84,43.96,79.53,11.84,-17.97,UNUSUAL_PATTERN
75.76,80.68,68.36,85.36,6.56,3.46,NORMAL
87.64,86.34,85.43,97.56,3.91,2.6,NORMAL
72.69,76.61,64.91,78.94,2.76,-5.81,NORMAL
62.39,61.62,56.6,67.89,2.26,6.48,NORMAL
67.79,74.99,57.52,69.13,5.84,-4.56,NORMAL
71.6,86.06,68.8,78.08,3.16,-3.66,NORMAL
123.63,80.04,75.83,121.81,15.8,9.96,UNUSUAL_PATTERN
111.76,95.88,75.3,121.7,8.98,13.42,UNUSUAL_PATTERN
50.45,71.05,39.77,78.59,7.93,-7.92,UNUSUAL_PATTERN
80.22,75.21,73.76,85.12,3.74,3.63,NORMAL
85.25,82.94,76.86,90.55,5.44,-3.9,NORMAL
82.42,76.69,76.05,91.41,3.77,-2.09,NORMAL
74.91,82.93,68.72,83.25,4.03,1.04,NORMAL
75.68,84.46,65.4,79.64,4.73,5.58,NORMAL
77.63,75.72,73.62,90.76,4.85,-5.16,NORMAL
75.88,76.02,72.3,81.61,3.04,3.34,NORMAL
77.21,74.7,72.3,83.83,5.72,1.97,NORMAL
78.09,77.58,73.04,81.34,5.34,-1.65,NORMAL
69.17,65.91,64.67,77.28,2.44,3.54,NORMAL
76.05,72.97,67.67,84.47,4.28,3.69,NORMAL
112.88,87.52,83.44,124.02,12.12,12.35,UNUSUAL_PATTERN
69.02,66.89,64.69,77.65,4.77,1.83,NORMAL
79.27,73.76,75.15,82.13,1.78,2.05,NORMAL
78.92,76.93,68.66,84.77,5.02,1.18,NORMAL
73.87,77.04,67.46,80.83,4.87,1.5,NORMAL
64.26,64.01,55,72.32,6.96,1.73,NORMAL
81.21,83.27,74.12,91.76,7.06,-5.64,NORMAL
86.61,84.89,80.19,95.09,3.97,-0.11,NORMAL
71.8,74.72,62.55,79.71,1,-1.8,NORMAL
78.57,77.58,73.74,82.74,3.91,-0.18,NORMAL
63.79,64.69,56.86,68.96,4.8,0.49,NORMAL
91.24,87.37,84.59,96.12,5.68,2.43,NORMAL
109.14,81.67,75.95,121.34,13.54,7.55,UNUSUAL_PATTERN
114.71,87.74,77.27,122.77,15.5,17.38,UNUSUAL_PATTERN
91.4,93.11,83.81,103.06,3.67,1.1,NORMAL
80.96,82.19,74.99,89.23,4.56,6.25,NORMAL
81.04,81.53,77.46,85.75,5.01,8.6,NORMAL
79.63,81.12,73.37,85.42,2.49,-3.98,NORMAL
92.63,84.47,85.08,99.29,3.88,4.73,NORMAL
84.27,89.44,78.89,94.93,1.53,1.65,NORMAL
88.79,79.9,81.87,92.35,5.82,0.23,NORMAL
82.11,84.25,72.53,87.62,4.93,-4.78,NORMAL
75.77,72.94,71.18,81.32,3.21,-1.16,NORMAL
88.74,84.51,81.27,96.02,3.27,-7.87,NORMAL
73.44,76.6,69.75,76.57,4.22,-0.67,NORMAL
80.1,78.63,73.93,89.45,3.51,-4.42,NORMAL
99.63,94.01,93.25,105,4.89,2.13,NORMAL
82.37,83.9,75.58,88.83,3.69,-3.6,NORMAL
86.19,83.69,78.36,92.72,3.42,0.42,NORMAL
107.59,74.84,39.9,116.66,15.79,8.42,UNUSUAL_PATTERN
124.46,77.46,43.96,116.34,15.68,-10.12,UNUSUAL_PATTERN
78.94,75.96,70.69,89.44,4.63,-5.26,NORMAL
73.99,65.92,65.69,75.34,3.06,-1.64,NORMAL
84.15,78.14,71.78,85.92,3.21,-3.55,NORMAL
77.04,78.29,73.73,83.62,5.55,-0.63,NORMAL
66.52,73.08,60.16,75.34,4.49,3.1,NORMAL
76.37,77.02,69.37,78.34,4.26,0.21,NORMAL
72.09,75.83,68.07,77.54,2.43,2.52,NORMAL
84.62,87.85,74.08,88.9,3.25,-1.16,NORMAL
69.2,70.1,63.37,75.78,4.34,8.73,NORMAL
82.41,77.59,72.3,88.49,6.65,-3.17,NORMAL
69.31,70.24,58.6,72.26,3.33,1.64,NORMAL
72.3,73.47,65.54,82.0,2.39,-5.01,NORMAL
114.57,94.56,78.89,121.65,12.85,8.51,UNUSUAL_PATTERN
103.08,82.21,91.86,127.49,7.4,12.8,UNUSUAL_PATTERN
85.17,86.3,78.41,85.9,3.96,0.3,NORMAL
72.71,71.36,67.05,82.47,1.56,8.92,NORMAL
81.58,85.21,73.89,86.2,2.84,5.73,NORMAL
74.83,67.03,68.59,79.64,2.25,1.42,NORMAL
28.51,67.07,41.98,89.84,11.35,-12.62,UNUSUAL_PATTERN
81.55,83.91,75.7,90.15,2.93,1.94,NORMAL
78.26,76.34,69.67,89.83,1.16,1.29,NORMAL
105.68,85.35,90.32,121.49,9.56,16.09,UNUSUAL_PATTERN
77.06,77.91,70.17,86.3,3.56,-6.0,NORMAL
83.58,86.88,79.54,84.5,4.93,-0.83,NORMAL
88.02,86.42,80.93,90.55,3.89,-1.27,NORMAL
118.82,95.01,69.45,124.75,11.46,18.34,UNUSUAL_PATTERN
64.54,71.46,57.63,69.45,6.39,0.86,NORMAL
73.77,76.02,71.95,82.22,3.54,-2.12,NORMAL
117.31,99.29,75.39,118.61,13.07,9.23,UNUSUAL_PATTERN
70.81,76.81,62.75,77.1,5.6,-5.96,NORMAL
72.37,74.09,65.91,80.44,4.55,1.03,NORMAL
76.76,82.08,66.17,83.95,5.12,0.91,NORMAL
78.55,81.57,73.45,86.94,1.91,-4.93,NORMAL
80.31,82.15,73.91,83.33,6.73,-4.0,NORMAL
86.48,85.13,85.42,91.8,5.04,-3.04,NORMAL
82.31,77.57,73.55,83.06,3.78,7.92,NORMAL
52.12,63.15,42.24,94.07,10.08,-20.23,UNUSUAL_PATTERN
69.28,71.53,62.64,74.36,3.64,5.83,NORMAL
90.48,87.81,85.95,95.7,3.44,1.33,NORMAL
70.05,73.81,64.8,79.58,4.83,-7.31,NORMAL
77.66,76.14,69.69,85.24,2.97,-0.68,NORMAL
75.3,76.67,72.13,84.45,5.1,3.71,NORMAL
70.77,75.45,63.35,82.76,4.84,-3.24,NORMAL
78.94,74.9,67.57,87.26,2.77,-4.04,NORMAL
79.82,72.64,72.98,88.5,5.65,0.84,NORMAL
74.63,78.16,71.46,85.3,3.88,-0.64,NORMAL
60.62,65.86,35.79,85.26,18.07,-11.34,UNUSUAL_PATTERN
109.6,82.03,49.82,120.43,12.33,-19.11,UNUSUAL_PATTERN
49.35,64.24,39.6,87.18,7.73,-17.95,UNUSUAL_PATTERN
75.56,75.49,68.52,83.5,3.74,-0.14,NORMAL
67.19,71.32,59.3,73.32,1.39,3.16,NORMAL
94.15,82.03,87.95,104.55,3.23,-0.39,NORMAL
74.34,75.4,71.31,84.35,6.37,-3.18,NORMAL
76.37,70.74,68.38,85.04,4.37,2.35,NORMAL
74.61,79.4,69.39,80.82,2.56,0.38,NORMAL
65.17,66.44,60.35,68.99,2.91,3.41,NORMAL
86.84,82.84,79.92,97.15,5.11,-0.39,NORMAL
77.26,81.91,68.75,84.48,5.15,-2.98,NORMAL
79.44,85.28,73.21,84.72,2.47,5.73,NORMAL
95.11,86.14,87.14,103.39,4.58,-0.78,NORMAL
61.41,70.09,57.07,71.71,6.04,13.27,NORMAL
77.85,79.73,72.04,84.55,1.8,-4.2,NORMAL
61.04,63.97,55,71.97,2.48,-0.73,NORMAL
75.27,77.84,69.95,82.14,6.53,-0.9,NORMAL
78.59,79.15,73.51,85.42,4.41,-2.93,NORMAL
74.47,76.96,72.91,82.09,6.42,0.46,NORMAL
60.3,67.73,58.51,65.63,4.4,1.13,NORMAL
83.33,82.3,77.67,94.18,4.3,3.38,NORMAL
86.74,83.19,77.42,96.55,3.42,-0.11,NORMAL
84.01,82.7,78.74,89.74,4.16,2.01,NORMAL
78.08,77.22,69.9,86.07,5.31,-1.48,NORMAL
80.61,76.53,68.96,87.09,5.87,-1.95,NORMAL
52.91,69.23,42.01,80.92,8.45,-19.55,UNUSUAL_PATTERN
78.71,74.21,76.83,86.31,5.61,2.11,NORMAL
71.55,73.41,65.06,80.3,5.13,-2.33,NORMAL
51.03,86.17,36.37,112.05,7.26,-29.94,UNUSUAL_PATTERN
75.62,80.21,70.56,84.03,5.54,2.13,NORMAL
81.26,82.01,74.96,88.91,2.91,4.89,NORMAL
71.16,79.7,61.45,83.71,2.1,-1.08,NORMAL
87.91,81.79,82.6,91.82,3.79,4.47,NORMAL
73.65,75.59,65.96,83.81,5.0,2.04,NORMAL
53.0,72.58,41.61,79.64,11.24,-14.35,UNUSUAL_PATTERN
93.47,91.04,91.74,101.78,3.15,3.51,NORMAL
80.56,75.19,75.52,87.05,3.34,3.13,NORMAL
79.69,78.16,75.39,90.33,3.4,2.25,NORMAL
86.53,88.3,80.7,95.72,1.71,-5.35,NORMAL
75.56,72.78,67.96,82.35,2.07,1.97,NORMAL
83.25,81.89,77.18,88.97,4.25,1.61,NORMAL
76.72,75.64,72.81,77.23,2.78,-2.93,NORMAL
42.97,62.01,52.95,75.51,6.1,-1.57,UNUSUAL_PATTERN
80.42,75.42,71.81,90.4,3.1,7.63,NORMAL
69.77,74.69,60.82,74.11,6.02,6.48,NORMAL
90.77,86.91,85.35,100.87,6.01,-1.73,NORMAL
76.2,71.04,72.31,82.63,3.91,0.36,NORMAL
92.19,88.91,88.69,98.31,5.12,-7.71,NORMAL
84.09,78.01,78.36,92.82,2.37,0.58,NORMAL
67.18,65.01,61.81,72.58,1.12,4.14,NORMAL
68.68,71.98,62.59,74.75,3.53,-3.67,NORMAL
81.06,82.61,74.09,89.51,1.83,-3.62,NORMAL
119.73,75.72,44.27,115.4,20.9,-18.38,UNUSUAL_PATTERN
75.1,76.21,65.82,79.25,2.0,-0.5,NORMAL
72.74,78.29,67.27,82.71,4.03,0.39,NORMAL
80.45,85.66,73.69,90.33,2.29,-2.63,NORMAL
66.92,67.33,58.72,71.88,4.48,-5.9,NORMAL
81.55,77.65,77.32,90.86,2.55,13.47,NORMAL
75.56,70.51,68.25,81.89,1.39,-7.33,NORMAL
81.41,87.07,76.01,89.68,4.54,-3.89,NORMAL
68.63,66.99,58.25,72.19,4.1,-2.47,NORMAL
82.81,82.68,77.65,91.13,3.21,0.32,NORMAL
75.33,73.53,70.2,80.28,6.83,1.14,NORMAL
79.61,82.21,73.95,90.46,6.37,8.29,NORMAL
75.39,75.83,69.93,84.95,4.83,-0.27,NORMAL
100,94.46,94.08,102.43,4.0,-2.52,NORMAL
87.99,86.59,80.58,95.77,5.55,7.99,NORMAL
50.83,67.28,41.35,79.8,9.16,-17.52,UNUSUAL_PATTERN
108.57,81.95,76.94,121.75,15.91,19.6,UNUSUAL_PATTERN
75.42,78.4,69.73,84.11,5.38,-5.03,NORMAL
76.45,77.7,72.33,83.85,4.22,-6.34,NORMAL
79.93,78.67,76.39,83.97,6.86,0.45,NORMAL
46.83,68.3,34.7,90.37,10.86,-20.63,UNUSUAL_PATTERN
119.59,97.11,81.34,126.25,17.83,16.18,UNUSUAL_PATTERN
106.91,99.81,80.05,119.72,7.07,13.02,UNUSUAL_PATTERN
52.94,53.2,41.01,75.24,15.83,-7.64,UNUSUAL_PATTERN
91.49,83.55,85.96,99.81,2.12,-1.71,NORMAL
77.14,79.47,72.34,83.56,5.07,-1.3,NORMAL
73.17,79.2,58.27,76.18,3.49,3.81,NORMAL
48.03,66.15,39.38,76.75,13.79,-11.19,UNUSUAL_PATTERN
78.55,79.89,77.0,85.28,6.35,5.66,NORMAL
47.18,55.3,44.7,92.94,12.74,-9.64,UNUSUAL_PATTERN
109.86,101.07,77.93,120.96,11.44,14.63,UNUSUAL_PATTERN
77.18,79.24,72.11,87.08,3.63,-0.16,NORMAL
70.72,74.83,62.34,79.29,1,11.27,NORMAL
80.78,79.17,80.75,85.76,4.13,-1.92,NORMAL
75.56,65.91,70.46,79.28,3.93,4.28,NORMAL
75.48,71.48,67.28,83.88,5.51,-0.33,NORMAL
70.06,78.29,64.27,74.62,3.76,-2.59,NORMAL
82.85,82.56,75.79,91.93,3.98,-0.82,NORMAL
115.81,99.27,95.81,118.66,15.73,17.36,UNUSUAL_PATTERN
114.65,105.91,70.77,116.83,12.74,16.02,UNUSUAL_PATTERN
65.37,69.62,57.97,75.29,5.12,-0.59,NORMAL
43.52,95.74,45.26,117.89,18.46,17.82,UNUSUAL_PATTERN
95.42,91.31,91.68,105,2.09,-1.05,NORMAL
67.01,70.59,61.86,74.36,3.61,-2.38,NORMAL
60.84,73.18,56.71,70.19,3.94,9.63,NORMAL
70.62,73.37,65.27,78.33,2.32,0.68,NORMAL
60.32,62.24,57.29,69.2,5.22,2.33,NORMAL
46.41,67.45,36.26,74.81,15.24,-14.37,UNUSUAL_PATTERN
83.73,87.35,73.77,86.42,3.25,5.33,NORMAL
83.77,85.23,80.19,89.14,4.06,4.44,NORMAL
71.1,70.59,62.92,73.68,7.14,3.28,NORMAL
112.42,74.88,45.55,114.47,15.77,-15.98,UNUSUAL_PATTERN
60,65.75,55.84,67.78,3.37,1.85,NORMAL
60.83,58.88,44.2,82.52,8.86,-3.16,UNUSUAL_PATTERN
62.94,71.28,55,69.21,5.64,1.44,NORMAL
84.09,81.76,78.4,87.84,4.84,2.4,NORMAL
85.11,88.49,84.83,93.22,5.01,-0.37,NORMAL
87.45,81.55,83.95,92.75,4.28,-4.86,NORMAL
60.06,69.64,55,67.95,5.59,5.1,NORMAL
77.84,83.52,68.65,84.0,1,-6.12,NORMAL
52.97,63.28,39.98,88.26,10.73,-16.05,UNUSUAL_PATTERN
72.6,72.85,64.42,80.47,5.12,4.21,NORMAL
77.18,77.06,69.1,85.96,3.24,3.17,NORMAL
72.55,78.23,66.66,83.49,4.17,3.59,NORMAL
73.9,68.91,68.72,79.44,4.55,2.85,NORMAL
75.96,75.56,70.9,79.47,3.34,-9.8,NORMAL
100,91.26,96.13,104.02,5.06,3.94,NORMAL
72.76,78.51,65.82,79.19,5.24,-2.85,NORMAL
81.81,82.99,76.01,90.32,5.67,-0.89,NORMAL
68.98,68.45,62.4,73.52,2.72,-1.2,NORMAL
74.17,81.71,65.43,84.62,3.21,0.95,NORMAL
81.82,77.18,71.97,88.46,3.92,-1.33,NORMAL
70.94,73.88,65.03,77.29,5.25,-4.01,NORMAL
79.03,75.57,73.2,85.63,5.11,4.88,NORMAL
72.04,79.5,68.77,81.18,2.65,0.66,NORMAL
82.77,81.33,74.94,89.05,2.19,-5.59,NORMAL
90.85,81.98,85.24,98.72,2.64,-8.84,NORMAL
80.94,78.53,73.02,86.86,3.65,2.0,NORMAL
70.39,74.48,65.22,74.4,3.45,3.67,NORMAL
86.75,86.07,82.96,91.83,5.02,4.57,NORMAL
81.29,81.39,76.97,88.69,3.39,2.91,NORMAL
68.72,72.22,62.03,76.05,3.26,-1.25,NORMAL
76.75,73.47,75.54,83.66,2.42,-2.48,NORMAL
110.62,83.85,48.99,115.52,21.43,-7.17,UNUSUAL_PATTERN
64.47,67.77,64.05,70.06,4.15,3.22,NORMAL
120.83,94.75,71.74,121.09,10.88,13.05,UNUSUAL_PATTERN
78.08,76.98,74.2,89.14,4.04,5.57,NORMAL
73.98,77.9,63.96,83.32,3.72,2.44,NORMAL
97.49,101.12,90.73,103.37,1,-7.71,NORMAL
73.5,80.64,65.38,84.62,3.54,-2.1,NORMAL
46.17,65.61,45.11,117.88,17.39,-10.32,UNUSUAL_PATTERN
73.41,72.42,68.61,76.15,6.66,0.39,NORMAL
76.83,79.31,74.31,82.26,4.02,-2.36,NORMAL
79.84,74.46,76.12,82.06,2.03,0.71,NORMAL
64.87,72.5,55.01,72.0,3.97,-1.9,NORMAL
44.14,72.11,42.09,77.1,4.2,-15.54,UNUSUAL_PATTERN
111.83,105.21,75.72,116.08,10.68,15.43,UNUSUAL_PATTERN
107.18,93.12,69.59,121.01,9.72,19.25,UNUSUAL_PATTERN
86.99,87.76,75.58,93.18,5.13,6.17,NORMAL
67.3,70.63,61.44,72.19,3.37,-3.46,NORMAL
43.93,57.49,43.71,84.66,10.77,-12.84,UNUSUAL_PATTERN
87.57,80.0,83.05,92.09,2.74,2.77,NORMAL
117.55,89.25,73.72,123.04,7.05,20.12,UNUSUAL_PATTERN
89.82,90.35,87.15,95.51,3.22,6.48,NORMAL
42.97,74.67,42.14,78.92,7.53,-15.34,UNUSUAL_PATTERN
60,67.28,55,63.1,3.91,1.23,NORMAL
70.26,76.26,58.3,76.77,4.79,5.34,NORMAL
74.69,75.6,69.53,79.24,4.26,-5.96,NORMAL
70.01,70.8,66.09,75.97,4.13,4.08,NORMAL
77.51,79.87,67.1,84.37,4.95,-3.8,NORMAL
81.14,79.12,74.55,86.09,2.77,7.31,NORMAL
76.06,75.57,68.11,84.05,4.43,-4.82,NORMAL
73.11,70.69,63.29,83.07,3.42,3.27,NORMAL
81.48,79.78,78.71,90.75,6.76,-3.34,NORMAL
105.7,103.87,71.97,117.98,7.63,13.4,UNUSUAL_PATTERN
72.47,67.33,67.27,81.89,2.34,-9.31,NORMAL
73.38,71.52,66.8,82.65,4.24,-2.5,NORMAL
81.83,76.05,75.65,87.6,3.04,0.22,NORMAL
72.97,75.83,66.71,82.08,2.5,7.45,NORMAL
53.1,60.79,43.01,88.35,12.25,-14.8,UNUSUAL_PATTERN
90.73,82.55,85.65,100.47,6.18,1.97,NORMAL
74.69,81.52,68.76,79.74,3.99,5.4,NORMAL
85.53,88.31,81.9,92.63,5.69,2.38,NORMAL
81.75,80.36,76.86,86.16,4.4,-3.98,NORMAL
58.71,75.7,44.73,116.28,14.22,-22.53,UNUSUAL_PATTERN
85.92,77.73,79.46,91.53,4.28,3.12,NORMAL
70.55,70.94,68.03,78.27,3.74,-1.19,NORMAL
81.83,81.63,75.24,89.85,4.7,-4.27,NORMAL
81.57,76.07,75.33,88.55,4.66,2.14,NORMAL
81.91,79.4,73.49,91.01,6.09,2.52,NORMAL
75.49,73.65,69.72,80.02,1.96,-8.38,NORMAL
77.76,79.57,77.12,88.64,2.24,-4.41,NORMAL
51.61,68.79,42.43,81.76,14.6,-10.61,UNUSUAL_PATTERN
74.62,76.4,70.13,84.22,4.92,-0.13,NORMAL
78.6,72.29,68.18,82.24,3.96,-2.3,NORMAL
74.74,73.74,68.12,78.92,5.94,2.6,NORMAL
91.1,82.17,81.19,96.93,3.75,-8.32,NORMAL
49.29,70.22,40.04,83.85,11.63,-16.73,UNUSUAL_PATTERN
51.47,65.22,47.01,82.8,10.53,-2.31,UNUSUAL_PATTERN
66.33,69.81,57.53,79.7,5.14,-0.35,NORMAL
82.33,79.88,76.82,91.13,3.44,-6.12,NORMAL
53.21,64.33,45.74,77.13,17.62,-15.25,UNUSUAL_PATTERN
89.5,85.94,84.29,99.63,2.49,-8.77,NORMAL
40.52,71.87,51.13,115.84,23.2,38.69,UNUSUAL_PATTERN
85.4,85.04,78.91,91.53,3.26,-0.07,NORMAL
91.18,92.47,89.06,96.5,3.77,-6.33,NORMAL
73.24,78.21,66.19,81.13,6.15,-1.54,NORMAL
78.19,81.24,73.43,82.35,2.05,2.62,NORMAL
76.18,74.9,66.95,84.88,5.81,-1.48,NORMAL
78.11,77.01,75.83,86.68,5.1,3.92,NORMAL
73.24,78.66,70.51,82.92,2.9,-2.75,NORMAL
113.68,80.28,46.09,106.48,15.64,41.43,UNUSUAL_PATTERN
78.24,76.89,76.12,82.85,5.0,-7.46,NORMAL
81.39,84.87,71.42,89.61,4.91,-9.4,NORMAL
100,101.38,91.93,105,1.38,-5.25,NORMAL
66.31,72.17,57.67,70.05,2.39,-0.42,NORMAL
82.21,82.45,75.82,91.54,4.69,-1.9,NORMAL
90.34,83.34,86.51,97.28,4.84,8.82,NORMAL
71.1,75.13,62.64,82.17,6.34,8.08,NORMAL
71.41,76.61,63.84,73.54,4.66,0.7,NORMAL
66.01,62.7,57.15,76.87,4.76,4.85,NORMAL
90.48,89.69,88.19,98.14,3.5,-0.5,NORMAL
67.77,68.01,59.54,74.37,7.29,1.72,NORMAL
90.58,81.26,90.16,97.77,4.22,2.51,NORMAL
61.17,65.4,58.07,66.15,1.23,-9.38,NORMAL
76.76,80.76,71.54,84.86,4.53,-2.58,NORMAL
129.75,100.67,74.02,113.83,17.31,14.38,UNUSUAL_PATTERN
63.77,72.37,58.48,75.05,5.84,-2.57,NORMAL
66.39,69.76,58.66,72.81,2.42,-1.85,NORMAL
74.7,64.06,68.0,83.3,6.58,-2.36,NORMAL
75.32,80.81,67.86,82.68,4.08,-1.92,NORMAL
91.86,92.05,83.32,95.46,5.18,-0.82,NORMAL
84.79,84.4,76.15,91.74,2.22,3.48,NORMAL
80.74,80.23,72.28,85.53,3.48,3.34,NORMAL
92.69,91.02,87.31,96.73,3.37,-4.73,NORMAL
50.76,70.53,39.54,99.18,15.31,-17.06,UNUSUAL_PATTERN
65.92,72.58,61.52,73.08,5.27,-4.81,NORMAL
81.18,84.18,77.64,83.71,4.81,-0.43,NORMAL
65.39,70.09,59.26,69.9,3.76,-4.19,NORMAL
77.4,78.94,70.1,83.1,2.59,-7.41,NORMAL
111.91,98.83,70.23,125.01,8.32,-2.74,UNUSUAL_PATTERN
69.27,73.78,61.47,81.04,5.01,3.11,NORMAL
81.74,85.45,73.85,88.37,4.89,-2.79,NORMAL
71.58,69.48,65.78,78.92,5.2,-3.06,NORMAL
114.47,100.11,79.86,122.53,8.58,19.31,UNUSUAL_PATTERN
83.66,80.79,76.51,91.11,5.02,-1.38,NORMAL
96.2,89.46,87.38,105,5.71,1.45,NORMAL
92.08,88.09,85.49,97.96,2.61,-1.97,NORMAL
85.1,81.78,81.08,93.55,5.55,-6.41,NORMAL
73.77,76.38,69.98,74.31,5.62,0.6,NORMAL
67.55,69.72,60.39,78.5,5.46,0.49,NORMAL
84.21,82.9,77.4,89.01,2.28,4.1,NORMAL
78.97,80.09,75.29,80.49,3.9,4.97,NORMAL
85.99,86.37,79.6,89.86,5.25,-2.74,NORMAL
75.7,74.58,67.49,80.93,2.84,3.03,NORMAL
44.63,71.05,40.24,71.99,7.01,-16.51,UNUSUAL_PATTERN
82.43,79.84,78.84,88.85,4.13,0.11,NORMAL
101.11,94.15,78.68,124.37,13.31,13.8,UNUSUAL_PATTERN
60,72.11,55,66.89,2.4,0.82,NORMAL
88.18,91.15,73.73,93.69,4.17,0.22,NORMAL
60,67.63,55,65.82,3.92,1.37,NORMAL
80.25,79.37,77.59,88.12,3.65,-0.96,NORMAL
74.08,78.35,66.62,82.5,2.57,1.75,NORMAL
72.92,71.26,68.2,80.46,3.7,-1.39,NORMAL
91.52,87.57,85.02,103.4,3.49,-2.33,NORMAL
78.0,76.86,67.37,85.34,3.28,5.79,NORMAL
81.47,86.09,72.44,88.82,5.16,0.85,NORMAL
75.99,70.63,67.51,81.56,1.61,2.57,NORMAL
78.36,80.04,73.37,85.08,5.58,3.67,NORMAL
121.03,82.89,45.3,109.33,13.78,-15.94,UNUSUAL_PATTERN
81.82,83.94,71.9,93.55,4.23,-8.49,NORMAL
48.13,57.38,44.46,91.48,13.3,-15.78,UNUSUAL_PATTERN
79.94,81.8,77.01,88.63,2.76,8.58,NORMAL
75.58,66.25,71.26,86.02,3.13,2.4,NORMAL
69.02,73.78,58.77,74.38,2.89,-0.52,NORMAL
102.83,77.61,51.13,126.38,11.22,-44.37,UNUSUAL_PATTERN
114.1,84.0,40.28,114.26,24.01,34.04,UNUSUAL_PATTERN
120.17,90.97,74.23,118.82,9.84,9.45,UNUSUAL_PATTERN
58.68,70.36,43.27,117.28,20.05,-1.4,UNUSUAL_PATTERN
73.97,79.06,68.42,80.71,3.47,4.48,NORMAL
89.54,85.9,85.72,101.38,3.39,-3.08,NORMAL
82.12,81.51,78.88,87.68,1,-0.04,NORMAL
63.67,69.6,57.54,65.53,5.68,5.17,NORMAL
81.9,77.27,73.95,90.58,3.52,0.47,NORMAL
71.48,72.7,62.19,78.59,3.62,2.62,NORMAL
68.79,70.81,59.82,75.71,3.06,2.62,NORMAL
73.91,80.17,65.48,80.56,2.58,-1.9,NORMAL
73.91,75.9,69.38,80.23,3.29,4.96,NORMAL
47.68,78.23,44.07,112.43,14.63,-28.48,UNUSUAL_PATTERN
93.05,81.61,84.81,98.62,8.26,-5.64,NORMAL
83.03,79.89,78.42,90.12,4.19,6.47,NORMAL
69.55,72.53,64.04,74.68,2.97,0.37,NORMAL
79.16,82.4,74.8,91.77,2.72,3.64,NORMAL
70.69,65.86,62.61,73.57,4.93,-1.48,NORMAL
89.7,84.94,86.0,96.02,3.75,-2.74,NORMAL
75.9,74.67,69.64,81.32,4.79,-6.43,NORMAL
74.34,73.46,65.87,84.3,2.67,3.73,NORMAL
80.25,77.58,74.04,84.59,5.75,6.65,NORMAL
81.14,78.53,79.18,86.56,7.35,1.76,NORMAL
77.46,81.57,72.49,84.89,3.76,8.07,NORMAL
83.79,88.76,76.58,90.13,1.49,3.53,NORMAL
78.96,78.05,76.05,85.3,4.28,3.01,NORMAL
90.72,83.73,82.91,95.85,5.33,3.8,NORMAL
91.03,86.69,86.88,97.31,4.04,6.42,NORMAL
43.42,59.25,49.2,78.16,15.39,-11.75,UNUSUAL_PATTERN
60.92,73.77,58.46,71.25,3.64,-4.58,NORMAL
43.58,72.17,42.2,79.06,15.83,-23.9,UNUSUAL_PATTERN
77.12,82.14,72.48,84.71,1.65,0.77,NORMAL
111.06,60.86,47.56,111.94,14.22,7.79,UNUSUAL_PATTERN
65.13,70.28,61.61,73.03,5.22,-2.05,NORMAL
52.19,72.81,42.59,74.53,8.48,-24.89,UNUSUAL_PATTERN
73.85,68.5,66.97,79.36,5.21,-6.56,NORMAL
84.76,86.83,81.78,90.58,7.23,-0.12,NORMAL
81.81,83.92,79.48,87.99,4.56,-3.0,NORMAL
74.28,74.42,68.39,85.72,4.78,1.15,NORMAL
68.18,75.79,60.06,72.91,7.5,7.31,NORMAL
76.57,86.21,74.56,82.59,1,-5.93,NORMAL
54.57,78.02,45.08,99.39,8.2,-24.28,UNUSUAL_PATTERN
85.18,81.08,79.28,91.88,5.43,-2.68,NORMAL
75.84,74.89,70.65,80.84,4.54,-5.25,NORMAL
75.51,75.72,69.02,78.03,2.49,-5.95,NORMAL
76.75,76.62,72.85,83.16,2.68,5.01,NORMAL
47.35,71.59,43.92,86.12,8.99,-13.18,UNUSUAL_PATTERN
83.66,78.02,77.07,93.44,4.27,-3.66,NORMAL
78.45,72.08,78.14,87.71,1,3.77,NORMAL
70.03,76.81,61.77,77.92,4.94,-4.78,NORMAL
41.09,68.28,48.9,84.51,6.52,-13.4,UNUSUAL_PATTERN
45.17,61.9,45.63,97.36,8.64,-19.01,UNUSUAL_PATTERN
74.64,75.47,72.39,80.52,2.68,-0.79,NORMAL
76.26,71.63,68.39,84.23,5.07,-1.14,NORMAL
89.88,84.45,84.37,94.47,3.54,-7.01,NORMAL
70.04,74.22,64.22,77.73,4.95,2.77,NORMAL
75.98,81.05,68.33,86.14,5.66,-5.34,NORMAL
82.79,80.92,80.42,92.08,5.3,-0.61,NORMAL
89.74,89.55,83.1,98.0,3.93,-0.08,NORMAL
90.12,94.18,82.71,95.27,1.63,3.46,NORMAL
77.12,77.02,70.87,83.7,6.07,1.44,NORMAL
80.62,76.03,76.75,86.84,4.34,2.63,NORMAL
84.67,79.7,77.61,91.74,3.91,-0.96,NORMAL
84.42,85.03,82.18,89.35,4.55,-3.11,NORMAL
115.42,73.67,42.37,115.51,14.2,-20.85,UNUSUAL_PATTERN
55.74,60.49,42.95,78.09,13.36,-15.76,UNUSUAL_PATTERN
80.65,81.87,71.56,90.81,3.4,-0.65,NORMAL
41.84,81.43,47.86,113.13,13.33,-20.81,UNUSUAL_PATTERN
77.99,72.94,71.01,88.48,2.93,-2.92,NORMAL
75.17,79.82,72.55,81.34,4.4,-1.06,NORMAL
81.2,88.81,72.13,87.78,4.21,2.36,NORMAL
95.28,92.12,88.22,100.02,5.06,8.92,NORMAL
80.4,80.5,73.77,82.16,2.49,-1.55,NORMAL
50.07,64.48,43.39,112.96,17.31,6.59,UNUSUAL_PATTERN
48.35,76.29,37.2,112.99,14.89,26.71,UNUSUAL_PATTERN
51.49,59.93,40.43,70.89,15.71,-25.77,UNUSUAL_PATTERN
78.71,83.69,73.78,81.29,3.98,2.29,NORMAL
46.16,84.53,48.45,121.77,22.25,11.0,UNUSUAL_PATTERN
71.56,71.88,63.87,81.7,4.97,-3.89,NORMAL
74.91,65.97,65.47,85.71,3.67,2.22,NORMAL
74.81,75.67,67.52,84.55,4.6,7.74,NORMAL
99.93,95.31,94.57,101.68,2.48,-0.22,NORMAL
71.57,72.6,63.4,83.59,4.07,1.09,NORMAL
80.48,75.33,72.48,89.5,3.54,2.61,NORMAL
109.26,101.18,79.98,116.17,15.25,18.63,UNUSUAL_PATTERN
73.21,77.27,68.63,81.6,4.79,-5.33,NORMAL
74.87,77.75,67.78,78.65,4.21,-5.51,NORMAL
51.16,71.44,46.33,112.52,23.72,19.32,UNUSUAL_PATTERN
60,61.49,55,65.99,1.91,6.22,NORMAL
73.7,73.95,66.96,81.2,2.44,-1.04,NORMAL
82.33,79.42,77.53,89.16,1.47,-2.88,NORMAL
67.31,70.04,64.26,77.25,3.63,-5.31,NORMAL
86.52,90.06,77.48,94.45,4.79,3.33,NORMAL
102.5,88.8,67.38,121.27,8.89,19.72,UNUSUAL_PATTERN
66.71,70.32,60.26,74.5,4.98,-4.77,NORMAL
66.48,71.42,58.46,72.04,2.65,-4.37,NORMAL
87.86,90.17,84.33,95.43,5.76,1.93,NORMAL
74.31,77.79,68.35,84.26,5.08,-2.6,NORMAL
90.21,86.51,85.22,94.91,2.54,-3.6,NORMAL
79.19,82.13,75.86,83.14,1,-5.34,NORMAL
79.63,80.3,73.5,84.06,5.18,5.23,NORMAL
88.06,82.95,82.21,91.81,2.26,2.81,NORMAL
82.47,77.02,77.18,87.68,5.29,0.04,NORMAL
84.98,80.58,78.35,91.68,4.08,-5.46,NORMAL
73.87,75.74,65.67,82.95,3.42,-0.78,NORMAL
56.23,83.03,45.18,114.92,16.09,11.69,UNUSUAL_PATTERN
74.34,80.26,67.52,82.31,5.54,2.59,NORMAL
76.67,73.6,68.74,82.78,3.41,5.44,NORMAL
83.67,86.53,74.75,89.87,2.82,-2.98,NORMAL
90.41,84.44,80.84,97.55,5.39,4.73,NORMAL
95.2,104.12,69.57,126.46,17.37,14.17,UNUSUAL_PATTERN
70.46,70.45,61.26,79.01,4.25,-2.77,NORMAL
73.65,79.12,65.52,80.89,5.13,-1.11,NORMAL
66.93,64.08,60.03,71.63,3.82,-0.82,NORMAL
75.71,71.12,69.24,83.29,4.58,-2.04,NORMAL
81.38,80.44,76.11,91.58,3.32,-2.73,NORMAL
78.58,73.43,69.88,87.8,7.39,0.01,NORMAL
72.76,73.74,68.6,80.43,2.35,-5.38,NORMAL
114.45,85.51,74.57,122.99,3.94,13.18,UNUSUAL_PATTERN
73.92,77.9,69.53,79.79,3.66,-4.59,NORMAL
77.5,77.36,67.05,87.66,5.31,1.99,NORMAL
96.12,93.77,88.4,105,2.18,2.15,NORMAL
87.88,85.05,81.9,90.47,3.78,-6.01,NORMAL
73.87,70.97,63.75,81.95,5.55,3.09,NORMAL
96.48,86.99,93.44,100.7,2.48,-3.2,NORMAL
110.91,97.1,70.63,123.15,10.16,6.27,UNUSUAL_PATTERN
87.78,82.77,80.65,90.74,6.27,2.05,NORMAL
82.21,78.8,76.8,90.09,4.91,2.93,NORMAL
77.99,72.47,72.44,86.23,2.97,1.21,NORMAL
81.37,82.7,78.5,89.92,3.24,-1.9,NORMAL
76.78,74.56,74.76,83.04,4.22,5.35,NORMAL
89.06,82.43,82.93,94.8,6.92,2.09,NORMAL
67.15,69.87,61.0,74.5,1.88,6.0,NORMAL
80.25,80.75,73.03,82.18,7.23,-1.09,NORMAL
82.71,83.64,82.32,88.07,5.39,-2.75,NORMAL
73.86,73.39,72.59,81.9,5.8,4.51,NORMAL
62.76,68.95,61.12,68.62,4.18,5.72,NORMAL
74.67,79.77,70.06,82.75,5.12,0.3,NORMAL
91.35,92.49,85.93,96.53,4.2,-14.2,NORMAL
76.77,73.1,71.72,81.08,3.49,2.45,NORMAL
67.86,68.06,60.47,77.29,3.52,3.38,NORMAL
78.51,78.12,74.24,87.23,3.25,-5.05,NORMAL
96.67,91.61,91.6,105,2.7,4.5,NORMAL
120.29,100.42,80.65,117.93,9.65,11.32,UNUSUAL_PATTERN
104.39,79.93,39.82,116.87,21.21,-16.42,UNUSUAL_PATTERN
73.21,68.58,66.29,82.94,3.03,-4.98,NORMAL
80.49,69.87,76.45,87.16,1.29,1.97,NORMAL
74.43,82.27,70.84,81.77,2.67,2.78,NORMAL
83.41,87.02,77.35,87.45,5.27,-3.7,NORMAL
76.3,70.78,72.72,86.18,2.86,-5.07,NORMAL
65.48,66.34,60.02,76.41,4.36,2.26,NORMAL
64.27,72.33,56.54,71.32,3.21,0.82,NORMAL
82.51,82.56,71.27,88.12,4.52,-1.89,NORMAL
108.74,95.95,76.8,114.98,13.94,5.43,UNUSUAL_PATTERN
80.8,72.68,74.45,88.33,5.79,3.84,NORMAL
96.87,103.43,66.79,123.73,17.81,14.21,UNUSUAL_PATTERN
41.95,59.52,42.38,74.46,16.77,-10.87,UNUSUAL_PATTERN
85.61,83.85,78.38,91.19,2.97,1.11,NORMAL
100.51,81.72,56.57,113.6,20.28,4.0,UNUSUAL_PATTERN
78.04,80.43,71.88,83.4,1.85,9.06,NORMAL
71.34,73.11,65.31,77.41,3.49,-2.77,NORMAL
45.7,56.2,42.37,89.7,9.84,-2.1,UNUSUAL_PATTERN
69.99,70.45,64.19,76.43,4.13,-0.21,NORMAL
80.77,83.68,73.44,86.23,4.79,-0.48,NORMAL
83.68,80.74,79.89,93.62,4.91,4.0,NORMAL
78.97,83.33,76.03,84.56,3.97,2.88,NORMAL
88.11,86.69,75.79,91.39,3.61,-6.28,NORMAL
71.98,70.95,68.97,81.36,2.42,1.96,NORMAL
78.67,79.65,69.68,84.67,1.89,9.88,NORMAL
112.84,98.78,78.31,120.52,12.39,16.14,UNUSUAL_PATTERN
91.95,85.95,90.12,100.25,7.43,-5.53,NORMAL
75.83,69.81,72.75,87.95,2.91,4.81,NORMAL
73.41,77.04,70.95,82.3,4.39,-1.94,NORMAL
88.29,80.82,84.12,91.76,4.39,-2.73,NORMAL
84.65,84.52,80.21,90.5,4.29,-2.65,NORMAL
73.09,76.0,68.39,77.92,4.68,0.57,NORMAL
76.55,82.65,68.14,80.74,4.51,-7.51,NORMAL
73.4,73.93,67.31,81.46,5.15,2.56,NORMAL
62.62,65.87,57.25,74.88,4.49,-2.26,NORMAL
80.39,78.83,74.07,89.05,4.34,0.04,NORMAL
116.24,81.56,43.97,117.44,18.32,4.28,UNUSUAL_PATTERN
82.44,79.06,76.57,90.91,3.68,-2.64,NORMAL
71.53,73.8,63.1,76.43,2.06,4.74,NORMAL
86.45,95.92,81.57,93.36,3.55,-1.0,NORMAL
90.57,86.14,86.3,95.43,3.76,-6.27,NORMAL
65.06,70.04,59.1,66.55,5.28,-1.24,NORMAL
65.92,67.37,57.6,74.39,3.73,-1.06,NORMAL
82.15,74.91,70.75,89.27,3.64,2.32,NORMAL
71.42,69.78,67.33,83.87,5.31,1.68,NORMAL
86.71,86.94,81.99,95.18,3.75,0.1,NORMAL
98.76,94.11,77.88,121.86,8.08,11.51,UNUSUAL_PATTERN
75.35,74.86,69.75,82.29,5.52,-1.9,NORMAL
111.28,83.71,83.25,122.93,13.86,26.21,UNUSUAL_PATTERN
87.19,88.74,81.14,95.79,3.41,0.33,NORMAL
76.93,73.3,68.58,83.23,5.91,-0.62,NORMAL
68.59,73.11,62.83,73.32,4.47,1.04,NORMAL
76.52,81.08,73.37,81.58,2.62,2.92,NORMAL
89.26,92.64,82.75,91.23,6.95,-6.0,NORMAL
82.11,85.02,77.27,89.32,5.27,-4.57,NORMAL
85.77,84.09,80.88,94.42,2.73,1.06,NORMAL
76.28,71.23,72.47,82.75,2.2,-2.46,NORMAL
65.1,61.01,59.55,70.56,6.97,4.22,NORMAL
60,65.33,55,67.44,4.86,1.6,NORMAL
79.54,83.24,71.67,88.77,4.3,-1.33,NORMAL
83.3,77.88,79.34,94.98,3.01,-0.83,NORMAL
70.37,78.06,66.59,76.72,4.69,0.28,NORMAL
73.28,69.3,64.99,76.75,2.94,1.3,NORMAL
55.12,64.63,37.64,85.63,9.44,-23.9,UNUSUAL_PATTERN
84.94,81.44,76.56,90.91,3.73,4.95,NORMAL
48.25,68.95,52.88,113.26,16.03,3.76,UNUSUAL_PATTERN
74.31,80.71,68.75,82.74,1.8,-7.1,NORMAL
86.54,86.65,80.13,95.08,3.18,-8.91,NORMAL
80.78,78.29,74.32,89.51,3.04,1.46,NORMAL
81.89,78.35,77.21,89.63,4.62,0.55,NORMAL
75.71,76.98,74.91,83.38,3.03,-2.25,NORMAL
74.22,72.47,66.84,81.7,4.64,2.14,NORMAL
89.48,85.73,82.55,99.32,3.39,-4.4,NORMAL
74.62,79.44,68.45,82.34,3.5,-3.59,NORMAL
83.24,81.82,75.04,88.46,5.66,-6.32,NORMAL
89.48,80.19,83.2,99.84,5.55,-1.74,NORMAL
89.1,91.46,79.58,94.36,4.08,1.24,NORMAL
83.14,85.76,72.47,85.93,4.32,10.57,NORMAL
83.64,80.4,71.72,90.47,2.97,3.67,NORMAL
45.58,70.55,42.4,89.15,14.78,-17.33,UNUSUAL_PATTERN
107.14,93.28,79.07,123.79,10.22,17.63,UNUSUAL_PATTERN
75.55,72.03,73.04,82.45,3.62,-3.76,NORMAL
66.58,74.67,57.42,71.41,2.89,2.52,NORMAL
82.21,76.66,76.49,93.48,4.49,-2.82,NORMAL
116.45,102.16,72.41,118.9,11.64,19.49,UNUSUAL_PATTERN
76.57,80.64,71.28,80.49,4.16,3.21,NORMAL
80.59,88.2,73.49,89.18,4.79,1.51,NORMAL
65.08,74.9,60.26,71.33,3.4,1.56,NORMAL
68.23,70.63,61.29,77.0,5.68,-3.43,NORMAL
78.83,75.42,72.8,85.39,1.87,-8.23,NORMAL
80.1,79.75,73.75,85.54,2.08,2.73,NORMAL
82.12,75.5,73.72,87.67,2.19,3.69,NORMAL
48.28,80.14,41.88,113.72,14.57,12.17,UNUSUAL_PATTERN
58.8,69.69,42.73,83.2,12.23,-17.11,UNUSUAL_PATTERN
112.16,76.67,42.02,123.13,24.35,-19.31,UNUSUAL_PATTERN
72.98,74.49,67.22,81.04,6.98,1.53,NORMAL
60,62.74,55,72.76,5.26,6.54,NORMAL
42.54,79.22,46.91,115.7,18.46,31.57,UNUSUAL_PATTERN
78.98,76.44,69.6,87.26,5.41,1.03,NORMAL
72.07,80.48,67.35,81.41,4.03,4.56,NORMAL
76.09,81.88,64.33,80.89,2.2,-2.11,NORMAL
77.02,75.1,71.22,85.23,2.83,1.76,NORMAL
108.69,103.74,77.55,122.45,9.8,22.6,UNUSUAL_PATTERN
80.05,78.9,71.99,90.78,5.63,3.43,NORMAL
84.79,75.84,83.76,93.15,3.46,-7.9,NORMAL
80.84,77.91,77.33,91.5,5.62,2.27,NORMAL
78.42,81.35,72.19,85.91,3.21,-0.11,NORMAL
117.38,107.83,78.17,120.09,6.7,11.47,UNUSUAL_PATTERN
72.3,71.05,64.58,82.63,3.97,-4.08,NORMAL
81.64,82.91,73.13,83.79,5.36,2.55,NORMAL
76.29,74.35,64.21,85.17,5.3,4.43,NORMAL
81.16,78.59,75.03,85.33,4.0,-0.44,NORMAL
78.99,80.2,72.03,84.56,3.38,-6.17,NORMAL
69.41,75.82,63.36,79.42,2.58,3.09,NORMAL
72.14,69.21,70.01,73.46,4.28,8.33,NORMAL
74.86,82.61,70.03,83.31,5.52,1.08,NORMAL
102.98,94.18,80.89,125.78,7.95,15.04,UNUSUAL_PATTERN
78.62,72.43,69.26,85.01,2.56,3.51,NORMAL
69.47,69.49,66.91,77.01,5.64,11.67,NORMAL
77.22,84.16,73.51,84.29,5.42,-4.07,NORMAL
45.34,62.51,46.17,86.67,14.58,-20.04,UNUSUAL_PATTERN
90.73,99.47,80.57,100.83,5.65,-0.44,NORMAL
90.88,76.96,77.94,100.76,5.25,-1.99,NORMAL
51.63,78.89,44.11,117.0,19.41,6.83,UNUSUAL_PATTERN
83.15,84.12,72.26,92.77,2.74,-6.39,NORMAL
78.49,74.94,69.98,85.45,1,2.42,NORMAL
81.31,76.33,75.22,85.8,4.54,-8.29,NORMAL
67.05,70.39,65.29,74.99,3.29,-2.16,NORMAL
78.83,83.7,71.82,83.84,1,-2.53,NORMAL
67.18,74.62,61.54,79.39,7.58,0.27,NORMAL
78.3,80.45,74.9,85.09,3.75,6.7,NORMAL
91.35,88.18,85.69,98.15,6.27,5.28,NORMAL
74.38,77.36,67.24,84.38,8.15,-6.54,NORMAL
84.04,81.88,71.41,89.57,2.18,-2.37,NORMAL
54.23,89.3,43.87,112.57,16.62,-11.07,UNUSUAL_PATTERN
67.17,72.38,61.58,73.95,7.39,5.52,NORMAL
78.63,81.71,73.52,84.43,3.9,3.91,NORMAL
79.23,81.36,74.05,84.67,5.17,3.48,NORMAL
87.22,83.69,83.01,99.7,5.17,-0.89,NORMAL
82.54,84.96,76.09,90.31,6.45,-3.62,NORMAL
103.45,86.25,71.57,120.47,13.33,10.02,UNUSUAL_PATTERN
95.8,92.24,84.67,119.64,16.27,10.56,UNUSUAL_PATTERN
83.72,82.24,77.97,93.12,5.13,2.23,NORMAL
83.37,82.18,78.05,93.7,2.59,-0.61,NORMAL
99.49,94.48,92.79,105,4.75,3.82,NORMAL
67.3,71.28,60.29,72.13,2.77,6.63,NORMAL
73.26,73.95,70.01,78.2,3.07,3.0,NORMAL
81.3,77.27,71.65,88.1,4.29,-3.23,NORMAL
74.3,71.98,68.04,86.72,3.98,2.38,NORMAL
96.82,91.35,92.7,104.23,4.04,-4.57,NORMAL
50.29,71.03,39.41,82.32,10.59,-19.72,UNUSUAL_PATTERN
81.83,76.07,77.6,92.4,3.94,-1.51,NORMAL
80.07,75.48,76.0,85.28,2.73,-0.39,NORMAL
79.6,78.84,72.6,90.56,4.84,6.18,NORMAL
119.12,93.69,86.44,117.53,10.62,15.16,UNUSUAL_PATTERN
123.26,62.38,44.9,111.93,11.79,4.62,UNUSUAL_PATTERN
82.98,85.87,74.21,89.29,3.66,0.32,NORMAL
77.01,76.94,72.17,84.47,3.66,8.25,NORMAL
126.43,96.51,77.53,118.32,12.08,10.53,UNUSUAL_PATTERN
52.33,73.57,40.51,79.49,4.61,-19.72,UNUSUAL_PATTERN
112.71,85.31,45.01,117.89,23.02,-11.5,UNUSUAL_PATTERN
50.33,52.67,42.71,71.14,7.35,-16.77,UNUSUAL_PATTERN
96.95,95.22,91.79,102.31,5.07,-1.17,NORMAL
66.41,69.79,63.39,74.68,4.65,2.8,NORMAL
113.01,93.38,74.45,123.61,9.7,5.18,UNUSUAL_PATTERN
83.38,81.1,77.41,93.47,4.79,0.43,NORMAL
55.91,85.68,42.62,119.88,14.77,4.41,UNUSUAL_PATTERN
85.86,80.79,77.82,93.02,2.4,4.67,NORMAL
84.1,76.65,82.33,92.08,3.77,-4.97,NORMAL
107.77,98.68,81.86,116.55,15.59,10.81,UNUSUAL_PATTERN
80.87,77.59,73.19,89.14,2.86,6.79,NORMAL
69.6,69.67,61.5,79.82,4.65,6.36,NORMAL
79.68,82.38,72.5,87.48,4.23,2.04,NORMAL
83.87,84.67,81.15,93.46,4.57,0.77,NORMAL
50.85,59.05,44.31,77.35,8.66,-19.09,UNUSUAL_PATTERN
67.25,71.65,63.1,78.9,3.88,-0.62,NORMAL
79.7,77.67,70.43,86.21,6.07,-2.31,NORMAL
35.41,75.03,47.51,83.04,11.37,-11.72,UNUSUAL_PATTERN
93.95,89.09,86.8,99.24,5.1,3.79,NORMAL
90.28,88.62,82.54,98.99,4.31,1.42,NORMAL
82.72,73.29,73.41,87.43,1.84,-0.42,NORMAL
70.45,69.35,66.83,78.74,6.69,-9.63,NORMAL
78.78,81.76,71.2,86.58,1.45,0.01,NORMAL
84.49,88.47,78.75,92.3,2.67,0.4,NORMAL
107.62,67.24,44.56,121.84,14.92,-47.78,UNUSUAL_PATTERN
69.77,69.08,66.91,76.2,4.7,-7.04,NORMAL
81.76,71.11,80.14,89.85,5.79,-3.6,NORMAL
77.42,78.59,65.49,87.71,1,-4.7,NORMAL
72.75,78.07,65.29,80.66,3.98,-0.69,NORMAL
122.2,92.19,73.27,122.27,13.86,21.99,UNUSUAL_PATTERN
77.9,81.2,69.33,83.98,5.2,6.87,NORMAL
64.71,60.98,64.7,69.22,1.21,2.54,NORMAL
89.66,91.37,81.27,97.41,2.47,-2.13,NORMAL
54.48,59.65,45.89,78.71,11.77,-27.74,UNUSUAL_PATTERN
80.12,81.9,77.09,89.22,2.85,0.04,NORMAL
90.25,91.66,86.18,98.68,4.3,1.38,NORMAL
120.16,90.69,78.68,117.29,16.08,17.58,UNUSUAL_PATTERN
56.79,56.84,41.84,83.65,8.88,-4.42,UNUSUAL_PATTERN
79.69,77.81,68.66,79.7,2.33,4.96,NORMAL
74.42,70.25,64.33,81.18,3.34,1.68,NORMAL
80.05,79.36,78.3,86.24,2.65,2.12,NORMAL
73.22,76.48,66.51,79.8,1.17,-0.14,NORMAL
69.56,71.82,60.67,75.15,3.83,4.12,NORMAL
70.17,67.41,63.17,77.15,1.28,-6.88,NORMAL
67.78,67.04,58.98,74.01,5.39,0.71,NORMAL
71.15,71.94,65.44,73.14,3.8,-4.69,NORMAL
68.33,67.07,62.36,73.85,4.45,0.14,NORMAL
71.69,72.16,66.08,77.01,3.12,-0.1,NORMAL
89.68,88.08,79.85,97.43,4.23,6.99,NORMAL
51.05,68.07,37.64,112.9,21.19,-4.0,UNUSUAL_PATTERN
69.75,70.86,61.7,71.49,3.55,-1.13,NORMAL
88.04,84.0,80.47,91.64,3.14,0.47,NORMAL
108.84,77.39,43.37,110.13,14.32,-1.17,UNUSUAL_PATTERN
76.12,76.17,69.6,81.71,3.05,1.97,NORMAL
81.2,76.91,76.57,87.25,5.6,-6.67,NORMAL
86.45,89.41,80.93,89.82,4.22,1.69,NORMAL
90.08,79.55,79.47,97.63,2.45,-0.93,NORMAL
79.9,77.01,73.04,83.74,2.35,-2.82,NORMAL
83.89,83.77,74.38,89.85,4.04,-1.01,NORMAL
69.14,66.01,66.67,69.24,1.14,0.31,NORMAL
74.92,71.85,68.29,84.1,2.63,0.6,NORMAL
67.97,71.03,59.53,72.26,5.79,6.55,NORMAL
79.59,80.44,75.15,88.2,3.41,0.85,NORMAL
70.68,76.23,70.09,77.51,3.29,-3.43,NORMAL
64.47,70.23,60.3,74.41,4.03,6.59,NORMAL
86.9,84.22,81.34,93.33,3.73,-4.1,NORMAL
86.9,86.35,84.85,87.82,2.74,0.5,NORMAL
76.01,79.1,74.01,82.86,2.41,3.98,NORMAL
41.8,65.03,40.92,91.08,8.43,-13.61,UNUSUAL_PATTERN
83.68,84.86,77.07,93.43,3.92,1.47,NORMAL
83.2,81.11,77.93,84.65,2.6,0.6,NORMAL
64.94,68.7,62.96,72.42,5.04,-4.59,NORMAL
63.45,85.71,48.12,116.54,22.23,1.4,UNUSUAL_PATTERN
70.59,69.33,63.93,79.18,2.69,-2.07,NORMAL
82.17,84.75,76.2,88.29,3.5,0.08,NORMAL
84.7,80.59,75.54,96.6,3.6,3.24,NORMAL
75.43,69.66,74.51,80.92,2.4,-3.86,NORMAL
77.68,81.91,70.54,86.05,4.15,-1.32,NORMAL
65.72,70.6,63.27,73.5,2.25,2.58,NORMAL
68.28,61.91,64.32,74.24,1.07,-7.65,NORMAL
70.96,66.76,63.9,76.52,3.38,-2.94,NORMAL
76.13,80.17,67.66,81.66,4.53,-1.56,NORMAL
93.4,91.52,85.18,98.55,1,2.33,NORMAL
78.98,76.69,69.05,83.79,1.61,-1.09,NORMAL
114.03,84.59,46.49,109.84,19.54,4.68,UNUSUAL_PATTERN
84.87,82.66,78.92,90.36,2.47,2.31,NORMAL
78.12,78.97,73.37,82.68,5.49,0.39,NORMAL
108.76,70.88,73.19,122.66,11.41,11.26,UNUSUAL_PATTERN
107.77,99.07,68.66,123.21,11.4,3.98,UNUSUAL_PATTERN
77.43,72.05,71.41,85.12,3.08,-8.94,NORMAL
84.48,90.32,79.38,93.09,2.66,5.02,NORMAL
68.64,71.49,64.03,78.37,4.55,3.23,NORMAL
113.35,95.68,81.99,119.02,14.62,20.84,UNUSUAL_PATTERN
84.39,87.87,78.88,90.64,3.41,-7.76,NORMAL
79.12,78.51,72.21,88.03,2.08,0.42,NORMAL
85.74,93.0,79.45,92.0,3.67,2.44,NORMAL
111.32,95.31,80.08,119.68,10.51,24.46,UNUSUAL_PATTERN
51.89,57.56,39.45,81.83,10.53,-16.22,UNUSUAL_PATTERN
49.04,59.88,41.32,82.48,5.98,-11.36,UNUSUAL_PATTERN
60,68.41,55,67.59,3.67,0.53,NORMAL
79.42,77.33,70.46,85.83,5.41,-3.42,NORMAL
74.02,70.18,70.3,82.53,6.48,-8.83,NORMAL
84.52,83.88,77.76,89.49,4.59,4.19,NORMAL
81.34,77.72,77.12,83.16,4.32,-7.88,NORMAL
72.13,74.98,66.9,78.06,1,-0.72,NORMAL
72.06,71.45,69.22,80.64,3.54,0.99,NORMAL
52.97,75.59,47.43,118.95,18.03,49.75,UNUSUAL_PATTERN
76.98,80.58,73.16,88.58,2.83,-4.66,NORMAL
49.88,60.26,43.16,87.87,12.19,-14.22,UNUSUAL_PATTERN
121.87,80.37,85.3,122.04,15.32,26.34,UNUSUAL_PATTERN
82.94,84.45,77.25,89.59,2.9,-4.49,NORMAL
76.46,72.59,69.68,84.43,4.88,5.28,NORMAL
79.44,82.09,76.22,92.56,2.32,-5.6,NORMAL
75.91,77.43,69.65,85.43,3.2,-5.15,NORMAL
45.85,61.96,47.88,114.39,18.26,28.04,UNUSUAL_PATTERN
75.53,74.4,69.6,81.03,4.64,3.9,NORMAL
71.35,80.6,65.82,76.36,1,4.73,NORMAL
80.96,83.45,72.2,88.05,4.26,5.27,NORMAL
78.25,86.41,71.44,86.41,5.37,-2.88,NORMAL
81.34,88.35,78.77,88.65,1.43,5.33,NORMAL
77.02,76.18,69.89,84.83,2.02,-2.71,NORMAL
70.73,68.22,67.45,73.8,3.99,-4.53,NORMAL
62.53,59.04,55,66.97,2.96,-2.62,NORMAL
93.99,88.18,92.4,99.47,4.26,-0.29,NORMAL
46.17,58.66,37.9,80.01,13.55,-3.36,UNUSUAL_PATTERN
78.22,79.01,70.57,83.79,4.04,-0.86,NORMAL
76.98,80.93,71.36,87.94,5.9,3.84,NORMAL
84.16,80.64,77.42,87.6,4.83,-0.23,NORMAL
115.76,87.8,49.05,105.99,17.5,35.04,UNUSUAL_PATTERN
76.55,76.42,70.47,85.41,4.82,7.15,NORMAL
